{ "editorVersion": 4.0, "instances": [ { "layer": 0.0, "deleted": 0.0, "variables": { "x": 224.0, "y": 352.0 }, "object": 749.0 }, { "layer": 0.0, "deleted": 0.0, "variables": { "x": 192.0, "y": 416.0, "targetRoom": "main", "image_xscale": 2.0, "image_yscale": 1.0, "targetDoor": "A" }, "object": 801.0 }, { "layer": 0.0, "deleted": 0.0, "variables": { "x": 224.0, "y": 96.0 }, "object": 804.0 } ], "tile_data": { }, "backgrounds": { "4": { "x": -2.0, "scroll_x": 0.5, "tile_y": 0.0, "hspeed": 0.0, "scroll_y": 0.5, "y": -41.0, "sprite": "spr_carpet", "tile_x": 1.0, "vspeed": 0.0, "image_speed": 15.0, "panic_sprite": -1.0 }, "5": { "x": 0.0, "scroll_x": 0.010000000000000000208166817117217, "tile_y": 1.0, "hspeed": 0.0, "scroll_y": 0.010000000000000000208166817117217, "y": 0.0, "sprite": "bg_kidsparty2", "tile_x": 1.0, "vspeed": 0.0, "image_speed": 15.0, "panic_sprite": -1.0 } }, "properties": { "songTransitionTime": 100.0, "roomX": 0.0, "roomY": 0.0, "levelWidth": 960.0, "levelHeight": 540.0, "song": "" } }