{ "editorVersion": 4.0, "instances": [ { "layer": 0.0, "deleted": 0.0, "variables": { "x": 0.0, "y": 448.0, "image_xscale": 57.0, "image_yscale": 3.0 }, "object": 517.0 }, { "layer": 0.0, "deleted": 0.0, "variables": { "x": 570.0, "y": 402.0 }, "object": 109.0 }, { "layer": 0.0, "deleted": 0.0, "variables": { "x": 857.0, "y": 402.0, "image_xscale": 1.0, "image_yscale": 1.0, "escape": "true" }, "object": 145.0 }, { "layer": 0.0, "deleted": 0.0, "variables": { "x": 672.0, "y": 0.0, "image_xscale": 2.0, "image_yscale": 14.0 }, "object": 517.0 }, { "layer": 0.0, "deleted": 0.0, "variables": { "x": 128.0, "y": 416.0 }, "object": 804.0 }, { "layer": 0.0, "deleted": 0.0, "variables": { "x": 1019.0, "y": 402.0, "image_xscale": 1.0, "image_yscale": 1.0 }, "object": 688.0 }, { "layer": 0.0, "deleted": 0.0, "variables": { "x": 427.0, "y": 401.0 }, "object": 457.0 }, { "layer": 0.0, "deleted": 0.0, "variables": { "x": 1184.0, "content": "obj_pizzakinsausage", "y": 416.0 }, "object": 751.0 }, { "layer": 0.0, "deleted": 0.0, "variables": { "x": 1248.0, "content": "obj_pizzakinshroom", "y": 416.0 }, "object": 751.0 }, { "layer": 0.0, "deleted": 0.0, "variables": { "x": 1312.0, "content": "obj_pizzakincheese", "y": 416.0 }, "object": 751.0 }, { "layer": 0.0, "deleted": 0.0, "variables": { "x": 1376.0, "content": "obj_pizzakintomato", "y": 416.0 }, "object": 751.0 }, { "layer": 0.0, "deleted": 0.0, "variables": { "x": 1440.0, "content": "obj_pizzakinpineapple", "y": 416.0 }, "object": 751.0 }, { "layer": 0.0, "deleted": 0.0, "variables": { "x": 160.0, "y": 320.0 }, "object": 770.0 }, { "layer": 0.0, "deleted": 0.0, "variables": { "x": 1660.0, "flipX": 1.0, "y": 336.0 }, "object": 769.0 }, { "layer": 0.0, "deleted": 0.0, "variables": { "x": 480.0, "y": 256.0, "targetRoom": "main" }, "object": 440.0 }, { "layer": 0.0, "deleted": 0.0, "variables": { "x": 1408.0, "y": 256.0 }, "object": 288.0 }, { "layer": 0.0, "deleted": 0.0, "variables": { "x": 960.0, "y": 256.0, "targetRoom": "secret1", "image_xscale": 1.0, "image_yscale": 1.0 }, "object": 98.0 }, { "layer": 0.0, "deleted": 0.0, "variables": { "x": 1216.0, "y": 224.0, "targetRoom": "secret2", "image_xscale": 1.0, "image_yscale": 1.0 }, "object": 98.0 }, { "layer": 0.0, "deleted": 0.0, "variables": { "x": 1440.0, "y": 192.0, "targetRoom": "secret3", "image_xscale": 1.0, "image_yscale": 1.0 }, "object": 98.0 }, { "layer": 0.0, "deleted": 0.0, "variables": { "x": 928.0, "y": 320.0 }, "object": 11.0 }, { "layer": 0.0, "deleted": 0.0, "variables": { "x": 1056.0, "y": 320.0 }, "object": 11.0 }, { "layer": 0.0, "deleted": 0.0, "variables": { "x": 1056.0, "y": 320.0 }, "object": 11.0 }, { "layer": 0.0, "deleted": 0.0, "variables": { "x": 1152.0, "y": 320.0 }, "object": 11.0 }, { "layer": 0.0, "deleted": 0.0, "variables": { "x": 1184.0, "y": 320.0 }, "object": 11.0 }, { "layer": 0.0, "deleted": 0.0, "variables": { "x": 1280.0, "y": 352.0 }, "object": 11.0 }, { "layer": 0.0, "deleted": 0.0, "variables": { "x": 1408.0, "y": 352.0 }, "object": 11.0 }, { "layer": 0.0, "deleted": 0.0, "variables": { "x": 1504.0, "y": 320.0 }, "object": 11.0 }, { "layer": 0.0, "deleted": 0.0, "variables": { "x": 1504.0, "y": 288.0 }, "object": 11.0 }, { "layer": 0.0, "deleted": 0.0, "variables": { "x": 1376.0, "y": 288.0 }, "object": 11.0 }, { "layer": 0.0, "deleted": 0.0, "variables": { "x": 1280.0, "y": 320.0 }, "object": 11.0 }, { "layer": 0.0, "deleted": 0.0, "variables": { "x": 1184.0, "y": 320.0 }, "object": 11.0 }, { "layer": 0.0, "deleted": 0.0, "variables": { "x": 1088.0, "y": 256.0 }, "object": 11.0 }, { "layer": 0.0, "deleted": 0.0, "variables": { "x": 1024.0, "y": 256.0 }, "object": 11.0 }, { "layer": 0.0, "deleted": 0.0, "variables": { "x": 928.0, "y": 320.0 }, "object": 11.0 }, { "layer": 0.0, "deleted": 0.0, "variables": { "x": 896.0, "y": 416.0 }, "object": 11.0 }, { "layer": 0.0, "deleted": 0.0, "variables": { "x": 800.0, "y": 384.0 }, "object": 11.0 }, { "layer": 0.0, "deleted": 0.0, "variables": { "x": 800.0, "y": 320.0 }, "object": 11.0 }, { "layer": 0.0, "deleted": 0.0, "variables": { "x": 736.0, "y": 288.0 }, "object": 11.0 }, { "layer": 0.0, "deleted": 0.0, "variables": { "x": 864.0, "y": 288.0 }, "object": 11.0 }, { "layer": 0.0, "deleted": 0.0, "variables": { "x": 992.0, "y": 192.0 }, "object": 11.0 }, { "layer": 0.0, "deleted": 0.0, "variables": { "x": 1056.0, "y": 160.0 }, "object": 11.0 }, { "layer": 0.0, "deleted": 0.0, "variables": { "x": 928.0, "y": 160.0 }, "object": 11.0 }, { "layer": 0.0, "deleted": 0.0, "variables": { "x": 832.0, "y": 256.0 }, "object": 11.0 }, { "layer": 0.0, "deleted": 0.0, "variables": { "x": 736.0, "y": 352.0 }, "object": 11.0 }, { "layer": 0.0, "deleted": 0.0, "variables": { "x": 640.0, "y": 352.0 }, "object": 11.0 }, { "layer": 0.0, "deleted": 0.0, "variables": { "x": 576.0, "y": 352.0 }, "object": 11.0 }, { "layer": 0.0, "deleted": 0.0, "variables": { "x": 512.0, "y": 384.0 }, "object": 11.0 }, { "layer": 0.0, "deleted": 0.0, "variables": { "x": 480.0, "y": 416.0 }, "object": 11.0 }, { "layer": 0.0, "deleted": 0.0, "variables": { "x": 384.0, "y": 320.0 }, "object": 11.0 }, { "layer": 0.0, "deleted": 0.0, "variables": { "x": 320.0, "y": 352.0 }, "object": 11.0 }, { "layer": 0.0, "deleted": 0.0, "variables": { "x": 480.0, "y": 384.0 }, "object": 11.0 }, { "layer": 0.0, "deleted": 0.0, "variables": { "x": 640.0, "y": 320.0 }, "object": 11.0 }, { "layer": 0.0, "deleted": 0.0, "variables": { "x": 640.0, "y": 224.0 }, "object": 11.0 }, { "layer": 0.0, "deleted": 0.0, "variables": { "x": 608.0, "y": 160.0 }, "object": 11.0 }, { "layer": 0.0, "deleted": 0.0, "variables": { "x": 640.0, "y": 96.0 }, "object": 11.0 }, { "layer": 0.0, "deleted": 0.0, "variables": { "x": 608.0, "y": 32.0 }, "object": 11.0 }, { "layer": 0.0, "deleted": 0.0, "variables": { "x": 1344.0, "y": 288.0 }, "object": 11.0 }, { "layer": 0.0, "deleted": 0.0, "variables": { "x": 1376.0, "y": 352.0 }, "object": 11.0 }, { "layer": 0.0, "deleted": 0.0, "variables": { "x": 1472.0, "y": 320.0 }, "object": 11.0 }, { "layer": 0.0, "deleted": 0.0, "variables": { "x": 1536.0, "y": 320.0 }, "object": 11.0 }, { "layer": 0.0, "deleted": 0.0, "variables": { "x": 1568.0, "y": 416.0 }, "object": 11.0 }, { "layer": 0.0, "deleted": 0.0, "variables": { "x": 1536.0, "y": 416.0 }, "object": 11.0 }, { "layer": 0.0, "deleted": 0.0, "variables": { "x": 1472.0, "y": 352.0 }, "object": 11.0 }, { "layer": 0.0, "deleted": 0.0, "variables": { "x": 1504.0, "y": 160.0 }, "object": 11.0 }, { "layer": 0.0, "deleted": 0.0, "variables": { "x": 1568.0, "y": 128.0 }, "object": 11.0 }, { "layer": 0.0, "deleted": 0.0, "variables": { "x": 1696.0, "y": 160.0 }, "object": 11.0 }, { "layer": 0.0, "deleted": 0.0, "variables": { "x": 1792.0, "y": 256.0 }, "object": 11.0 }, { "layer": 0.0, "deleted": 0.0, "variables": { "x": 1792.0, "y": 320.0 }, "object": 11.0 }, { "layer": 0.0, "deleted": 0.0, "variables": { "x": 1760.0, "y": 352.0 }, "object": 11.0 }, { "layer": 0.0, "deleted": 0.0, "variables": { "x": 224.0, "y": 352.0, "targetRoom": "gerome", "image_xscale": 1.0, "image_yscale": 1.0 }, "object": 390.0 }, { "layer": 0.0, "deleted": 0.0, "variables": { "x": 1088.0, "y": 416.0 }, "object": 804.0 }, { "layer": 1.0, "deleted": 0.0, "variables": { "x": 1088.0, "y": 416.0 }, "object": 804.0 }, { "layer": 0.0, "deleted": 0.0, "variables": { "x": 0.0, "y": -32.0, "image_xscale": 57.0, "image_yscale": 1.0, "flipX": 0.0, "flipY": 0.0 }, "object": 517.0 }, { "layer": 0.0, "deleted": 0.0, "variables": { "x": 1824.0, "y": -32.0, "image_xscale": 1.0, "image_yscale": 18.0, "flipX": 0.0, "flipY": 0.0 }, "object": 517.0 }, { "layer": 0.0, "deleted": 0.0, "variables": { "x": -32.0, "y": -32.0, "image_xscale": 1.0, "image_yscale": 18.0, "flipX": 0.0, "flipY": 0.0 }, "object": 517.0 } ], "tile_data": { "-5": { "1504_480": { "coord": [ 8.0, 1.0 ], "autotile_index": 0.0, "tileset": "tile_medieval3", "autotile": 1.0 }, "1248_512": { "coord": [ 2.0, 2.0 ], "autotile_index": 0.0, "tileset": "tile_medieval3", "autotile": 1.0 }, "1312_288": { "coord": [ 8.0, 1.0 ], "autotile_index": 0.0, "tileset": "tile_medieval3", "autotile": 1.0 }, "1056_320": { "coord": [ 2.0, 2.0 ], "autotile_index": 0.0, "tileset": "tile_medieval3", "autotile": 1.0 }, "1344_448": { "coord": [ 8.0, 1.0 ], "autotile_index": 0.0, "tileset": "tile_medieval3", "autotile": 1.0 }, "1504_448": { "coord": [ 8.0, 1.0 ], "autotile_index": 0.0, "tileset": "tile_medieval3", "autotile": 1.0 }, "1376_544": { "coord": [ 2.0, 3.0 ], "autotile_index": 0.0, "tileset": "tile_medieval3", "autotile": 1.0 }, "1312_480": { "coord": [ 8.0, 1.0 ], "autotile_index": 0.0, "tileset": "tile_medieval3", "autotile": 1.0 }, "1792_288": { "coord": [ 2.0, 2.0 ], "autotile_index": 0.0, "tileset": "tile_medieval3", "autotile": 1.0 }, "1024_384": { "coord": [ 1.0, 2.0 ], "autotile_index": 0.0, "tileset": "tile_medieval3", "autotile": 1.0 }, "1504_352": { "coord": [ 8.0, 1.0 ], "autotile_index": 0.0, "tileset": "tile_medieval3", "autotile": 1.0 }, "1792_448": { "coord": [ 2.0, 2.0 ], "autotile_index": 0.0, "tileset": "tile_medieval3", "autotile": 1.0 }, "1216_480": { "coord": [ 8.0, 1.0 ], "autotile_index": 0.0, "tileset": "tile_medieval3", "autotile": 1.0 }, "1408_448": { "coord": [ 8.0, 1.0 ], "autotile_index": 0.0, "tileset": "tile_medieval3", "autotile": 1.0 }, "1248_448": { "coord": [ 8.0, 1.0 ], "autotile_index": 0.0, "tileset": "tile_medieval3", "autotile": 1.0 }, "1792_192": { "coord": [ 2.0, 1.0 ], "autotile_index": 0.0, "tileset": "tile_medieval3", "autotile": 1.0 }, "1536_224": { "coord": [ 2.0, 2.0 ], "autotile_index": 0.0, "tileset": "tile_medieval3", "autotile": 1.0 }, "1120_384": { "coord": [ 8.0, 1.0 ], "autotile_index": 0.0, "tileset": "tile_medieval3", "autotile": 1.0 }, "1376_352": { "coord": [ 8.0, 1.0 ], "autotile_index": 0.0, "tileset": "tile_medieval3", "autotile": 1.0 }, "1312_416": { "coord": [ 8.0, 1.0 ], "autotile_index": 0.0, "tileset": "tile_medieval3", "autotile": 1.0 }, "1568_448": { "coord": [ 8.0, 1.0 ], "autotile_index": 0.0, "tileset": "tile_medieval3", "autotile": 1.0 }, "1056_480": { "coord": [ 2.0, 2.0 ], "autotile_index": 0.0, "tileset": "tile_medieval3", "autotile": 1.0 }, "1088_352": { "coord": [ 8.0, 1.0 ], "autotile_index": 0.0, "tileset": "tile_medieval3", "autotile": 1.0 }, "1216_224": { "coord": [ 2.0, 2.0 ], "autotile_index": 0.0, "tileset": "tile_medieval3", "autotile": 1.0 }, "1344_544": { "coord": [ 2.0, 3.0 ], "autotile_index": 0.0, "tileset": "tile_medieval3", "autotile": 1.0 }, "1152_352": { "coord": [ 8.0, 1.0 ], "autotile_index": 0.0, "tileset": "tile_medieval3", "autotile": 1.0 }, "1472_192": { "coord": [ 2.0, 1.0 ], "autotile_index": 0.0, "tileset": "tile_medieval3", "autotile": 1.0 }, "1376_256": { "coord": [ 8.0, 1.0 ], "autotile_index": 0.0, "tileset": "tile_medieval3", "autotile": 1.0 }, "1536_192": { "coord": [ 2.0, 1.0 ], "autotile_index": 0.0, "tileset": "tile_medieval3", "autotile": 1.0 }, "1600_352": { "coord": [ 8.0, 1.0 ], "autotile_index": 0.0, "tileset": "tile_medieval3", "autotile": 1.0 }, "1504_320": { "coord": [ 8.0, 1.0 ], "autotile_index": 0.0, "tileset": "tile_medieval3", "autotile": 1.0 }, "1184_352": { "coord": [ 8.0, 1.0 ], "autotile_index": 0.0, "tileset": "tile_medieval3", "autotile": 1.0 }, "1632_352": { "coord": [ 8.0, 1.0 ], "autotile_index": 0.0, "tileset": "tile_medieval3", "autotile": 1.0 }, "1056_448": { "coord": [ 2.0, 2.0 ], "autotile_index": 0.0, "tileset": "tile_medieval3", "autotile": 1.0 }, "1280_512": { "coord": [ 2.0, 2.0 ], "autotile_index": 0.0, "tileset": "tile_medieval3", "autotile": 1.0 }, "1120_480": { "coord": [ 8.0, 1.0 ], "autotile_index": 0.0, "tileset": "tile_medieval3", "autotile": 1.0 }, "1120_256": { "coord": [ 8.0, 1.0 ], "autotile_index": 0.0, "tileset": "tile_medieval3", "autotile": 1.0 }, "1120_192": { "coord": [ 2.0, 1.0 ], "autotile_index": 0.0, "tileset": "tile_medieval3", "autotile": 1.0 }, "1408_416": { "coord": [ 8.0, 1.0 ], "autotile_index": 0.0, "tileset": "tile_medieval3", "autotile": 1.0 }, "1088_448": { "coord": [ 8.0, 1.0 ], "autotile_index": 0.0, "tileset": "tile_medieval3", "autotile": 1.0 }, "1408_192": { "coord": [ 2.0, 1.0 ], "autotile_index": 0.0, "tileset": "tile_medieval3", "autotile": 1.0 }, "1120_288": { "coord": [ 8.0, 1.0 ], "autotile_index": 0.0, "tileset": "tile_medieval3", "autotile": 1.0 }, "1184_416": { "coord": [ 8.0, 1.0 ], "autotile_index": 0.0, "tileset": "tile_medieval3", "autotile": 1.0 }, "1632_544": { "coord": [ 2.0, 3.0 ], "autotile_index": 0.0, "tileset": "tile_medieval3", "autotile": 1.0 }, "1792_544": { "coord": [ 2.0, 2.0 ], "autotile_index": 0.0, "tileset": "tile_medieval3", "autotile": 1.0 }, "1536_288": { "coord": [ 8.0, 1.0 ], "autotile_index": 0.0, "tileset": "tile_medieval3", "autotile": 1.0 }, "1696_416": { "coord": [ 8.0, 1.0 ], "autotile_index": 0.0, "tileset": "tile_medieval3", "autotile": 1.0 }, "1568_192": { "coord": [ 2.0, 1.0 ], "autotile_index": 0.0, "tileset": "tile_medieval3", "autotile": 1.0 }, "1696_288": { "coord": [ 8.0, 1.0 ], "autotile_index": 0.0, "tileset": "tile_medieval3", "autotile": 1.0 }, "1568_224": { "coord": [ 2.0, 2.0 ], "autotile_index": 0.0, "tileset": "tile_medieval3", "autotile": 1.0 }, "1568_384": { "coord": [ 8.0, 1.0 ], "autotile_index": 0.0, "tileset": "tile_medieval3", "autotile": 1.0 }, "1472_416": { "coord": [ 8.0, 1.0 ], "autotile_index": 0.0, "tileset": "tile_medieval3", "autotile": 1.0 }, "1120_320": { "coord": [ 8.0, 1.0 ], "autotile_index": 0.0, "tileset": "tile_medieval3", "autotile": 1.0 }, "1152_384": { "coord": [ 8.0, 1.0 ], "autotile_index": 0.0, "tileset": "tile_medieval3", "autotile": 1.0 }, "1280_224": { "coord": [ 2.0, 2.0 ], "autotile_index": 0.0, "tileset": "tile_medieval3", "autotile": 1.0 }, "1024_352": { "coord": [ 1.0, 2.0 ], "autotile_index": 0.0, "tileset": "tile_medieval3", "autotile": 1.0 }, "1632_288": { "coord": [ 8.0, 1.0 ], "autotile_index": 0.0, "tileset": "tile_medieval3", "autotile": 1.0 }, "1408_544": { "coord": [ 2.0, 3.0 ], "autotile_index": 0.0, "tileset": "tile_medieval3", "autotile": 1.0 }, "1216_448": { "coord": [ 8.0, 1.0 ], "autotile_index": 0.0, "tileset": "tile_medieval3", "autotile": 1.0 }, "1760_224": { "coord": [ 2.0, 2.0 ], "autotile_index": 0.0, "tileset": "tile_medieval3", "autotile": 1.0 }, "1248_224": { "coord": [ 2.0, 2.0 ], "autotile_index": 0.0, "tileset": "tile_medieval3", "autotile": 1.0 }, "1248_320": { "coord": [ 8.0, 1.0 ], "autotile_index": 0.0, "tileset": "tile_medieval3", "autotile": 1.0 }, "1792_256": { "coord": [ 2.0, 2.0 ], "autotile_index": 0.0, "tileset": "tile_medieval3", "autotile": 1.0 }, "1792_352": { "coord": [ 2.0, 2.0 ], "autotile_index": 0.0, "tileset": "tile_medieval3", "autotile": 1.0 }, "1632_512": { "coord": [ 2.0, 2.0 ], "autotile_index": 0.0, "tileset": "tile_medieval3", "autotile": 1.0 }, "1344_352": { "coord": [ 8.0, 1.0 ], "autotile_index": 0.0, "tileset": "tile_medieval3", "autotile": 1.0 }, "1728_416": { "coord": [ 8.0, 1.0 ], "autotile_index": 0.0, "tileset": "tile_medieval3", "autotile": 1.0 }, "1632_448": { "coord": [ 8.0, 1.0 ], "autotile_index": 0.0, "tileset": "tile_medieval3", "autotile": 1.0 }, "1216_544": { "coord": [ 2.0, 3.0 ], "autotile_index": 0.0, "tileset": "tile_medieval3", "autotile": 1.0 }, "1696_256": { "coord": [ 8.0, 1.0 ], "autotile_index": 0.0, "tileset": "tile_medieval3", "autotile": 1.0 }, "1376_480": { "coord": [ 8.0, 1.0 ], "autotile_index": 0.0, "tileset": "tile_medieval3", "autotile": 1.0 }, "1184_192": { "coord": [ 2.0, 1.0 ], "autotile_index": 0.0, "tileset": "tile_medieval3", "autotile": 1.0 }, "1568_416": { "coord": [ 8.0, 1.0 ], "autotile_index": 0.0, "tileset": "tile_medieval3", "autotile": 1.0 }, "1760_512": { "coord": [ 8.0, 1.0 ], "autotile_index": 0.0, "tileset": "tile_medieval3", "autotile": 1.0 }, "1152_480": { "coord": [ 8.0, 1.0 ], "autotile_index": 0.0, "tileset": "tile_medieval3", "autotile": 1.0 }, "1696_192": { "coord": [ 2.0, 1.0 ], "autotile_index": 0.0, "tileset": "tile_medieval3", "autotile": 1.0 }, "1696_448": { "coord": [ 8.0, 1.0 ], "autotile_index": 0.0, "tileset": "tile_medieval3", "autotile": 1.0 }, "1728_352": { "coord": [ 8.0, 1.0 ], "autotile_index": 0.0, "tileset": "tile_medieval3", "autotile": 1.0 }, "1024_544": { "coord": [ 1.0, 3.0 ], "autotile_index": 0.0, "tileset": "tile_medieval3", "autotile": 1.0 }, "1664_352": { "coord": [ 8.0, 1.0 ], "autotile_index": 0.0, "tileset": "tile_medieval3", "autotile": 1.0 }, "1312_256": { "coord": [ 8.0, 1.0 ], "autotile_index": 0.0, "tileset": "tile_medieval3", "autotile": 1.0 }, "1440_544": { "coord": [ 2.0, 3.0 ], "autotile_index": 0.0, "tileset": "tile_medieval3", "autotile": 1.0 }, "1376_288": { "coord": [ 8.0, 1.0 ], "autotile_index": 0.0, "tileset": "tile_medieval3", "autotile": 1.0 }, "1408_512": { "coord": [ 2.0, 2.0 ], "autotile_index": 0.0, "tileset": "tile_medieval3", "autotile": 1.0 }, "1440_320": { "coord": [ 8.0, 1.0 ], "autotile_index": 0.0, "tileset": "tile_medieval3", "autotile": 1.0 }, "1088_320": { "coord": [ 8.0, 1.0 ], "autotile_index": 0.0, "tileset": "tile_medieval3", "autotile": 1.0 }, "1728_448": { "coord": [ 8.0, 1.0 ], "autotile_index": 0.0, "tileset": "tile_medieval3", "autotile": 1.0 }, "1632_416": { "coord": [ 8.0, 1.0 ], "autotile_index": 0.0, "tileset": "tile_medieval3", "autotile": 1.0 }, "1664_512": { "coord": [ 2.0, 2.0 ], "autotile_index": 0.0, "tileset": "tile_medieval3", "autotile": 1.0 }, "1120_544": { "coord": [ 2.0, 3.0 ], "autotile_index": 0.0, "tileset": "tile_medieval3", "autotile": 1.0 }, "1792_480": { "coord": [ 2.0, 2.0 ], "autotile_index": 0.0, "tileset": "tile_medieval3", "autotile": 1.0 }, "1056_384": { "coord": [ 2.0, 2.0 ], "autotile_index": 0.0, "tileset": "tile_medieval3", "autotile": 1.0 }, "1536_448": { "coord": [ 8.0, 1.0 ], "autotile_index": 0.0, "tileset": "tile_medieval3", "autotile": 1.0 }, "1408_256": { "coord": [ 8.0, 1.0 ], "autotile_index": 0.0, "tileset": "tile_medieval3", "autotile": 1.0 }, "1440_192": { "coord": [ 2.0, 1.0 ], "autotile_index": 0.0, "tileset": "tile_medieval3", "autotile": 1.0 }, "1312_320": { "coord": [ 8.0, 1.0 ], "autotile_index": 0.0, "tileset": "tile_medieval3", "autotile": 1.0 }, "1184_480": { "coord": [ 8.0, 1.0 ], "autotile_index": 0.0, "tileset": "tile_medieval3", "autotile": 1.0 }, "1760_352": { "coord": [ 8.0, 1.0 ], "autotile_index": 0.0, "tileset": "tile_medieval3", "autotile": 1.0 }, "1696_512": { "coord": [ 8.0, 1.0 ], "autotile_index": 0.0, "tileset": "tile_medieval3", "autotile": 1.0 }, "1696_224": { "coord": [ 2.0, 2.0 ], "autotile_index": 0.0, "tileset": "tile_medieval3", "autotile": 1.0 }, "1696_480": { "coord": [ 8.0, 1.0 ], "autotile_index": 0.0, "tileset": "tile_medieval3", "autotile": 1.0 }, "1536_544": { "coord": [ 2.0, 3.0 ], "autotile_index": 0.0, "tileset": "tile_medieval3", "autotile": 1.0 }, "1024_320": { "coord": [ 1.0, 2.0 ], "autotile_index": 0.0, "tileset": "tile_medieval3", "autotile": 1.0 }, "1632_192": { "coord": [ 2.0, 1.0 ], "autotile_index": 0.0, "tileset": "tile_medieval3", "autotile": 1.0 }, "1120_352": { "coord": [ 8.0, 1.0 ], "autotile_index": 0.0, "tileset": "tile_medieval3", "autotile": 1.0 }, "1536_416": { "coord": [ 8.0, 1.0 ], "autotile_index": 0.0, "tileset": "tile_medieval3", "autotile": 1.0 }, "1664_192": { "coord": [ 2.0, 1.0 ], "autotile_index": 0.0, "tileset": "tile_medieval3", "autotile": 1.0 }, "1664_256": { "coord": [ 8.0, 1.0 ], "autotile_index": 0.0, "tileset": "tile_medieval3", "autotile": 1.0 }, "1056_544": { "coord": [ 2.0, 3.0 ], "autotile_index": 0.0, "tileset": "tile_medieval3", "autotile": 1.0 }, "1216_352": { "coord": [ 8.0, 1.0 ], "autotile_index": 0.0, "tileset": "tile_medieval3", "autotile": 1.0 }, "1440_448": { "coord": [ 8.0, 1.0 ], "autotile_index": 0.0, "tileset": "tile_medieval3", "autotile": 1.0 }, "1664_224": { "coord": [ 2.0, 2.0 ], "autotile_index": 0.0, "tileset": "tile_medieval3", "autotile": 1.0 }, "1184_224": { "coord": [ 2.0, 2.0 ], "autotile_index": 0.0, "tileset": "tile_medieval3", "autotile": 1.0 }, "1056_288": { "coord": [ 2.0, 2.0 ], "autotile_index": 0.0, "tileset": "tile_medieval3", "autotile": 1.0 }, "1440_352": { "coord": [ 8.0, 1.0 ], "autotile_index": 0.0, "tileset": "tile_medieval3", "autotile": 1.0 }, "1472_512": { "coord": [ 2.0, 2.0 ], "autotile_index": 0.0, "tileset": "tile_medieval3", "autotile": 1.0 }, "1728_512": { "coord": [ 8.0, 1.0 ], "autotile_index": 0.0, "tileset": "tile_medieval3", "autotile": 1.0 }, "1664_544": { "coord": [ 2.0, 3.0 ], "autotile_index": 0.0, "tileset": "tile_medieval3", "autotile": 1.0 }, "1760_256": { "coord": [ 8.0, 1.0 ], "autotile_index": 0.0, "tileset": "tile_medieval3", "autotile": 1.0 }, "1152_256": { "coord": [ 8.0, 1.0 ], "autotile_index": 0.0, "tileset": "tile_medieval3", "autotile": 1.0 }, "1472_288": { "coord": [ 8.0, 1.0 ], "autotile_index": 0.0, "tileset": "tile_medieval3", "autotile": 1.0 }, "1248_352": { "coord": [ 8.0, 1.0 ], "autotile_index": 0.0, "tileset": "tile_medieval3", "autotile": 1.0 }, "1568_512": { "coord": [ 2.0, 2.0 ], "autotile_index": 0.0, "tileset": "tile_medieval3", "autotile": 1.0 }, "1088_288": { "coord": [ 8.0, 1.0 ], "autotile_index": 0.0, "tileset": "tile_medieval3", "autotile": 1.0 }, "1152_224": { "coord": [ 2.0, 2.0 ], "autotile_index": 0.0, "tileset": "tile_medieval3", "autotile": 1.0 }, "1024_512": { "coord": [ 1.0, 2.0 ], "autotile_index": 0.0, "tileset": "tile_medieval3", "autotile": 1.0 }, "1408_480": { "coord": [ 8.0, 1.0 ], "autotile_index": 0.0, "tileset": "tile_medieval3", "autotile": 1.0 }, "1632_384": { "coord": [ 8.0, 1.0 ], "autotile_index": 0.0, "tileset": "tile_medieval3", "autotile": 1.0 }, "1696_352": { "coord": [ 8.0, 1.0 ], "autotile_index": 0.0, "tileset": "tile_medieval3", "autotile": 1.0 }, "1120_512": { "coord": [ 2.0, 2.0 ], "autotile_index": 0.0, "tileset": "tile_medieval3", "autotile": 1.0 }, "1088_192": { "coord": [ 2.0, 1.0 ], "autotile_index": 0.0, "tileset": "tile_medieval3", "autotile": 1.0 }, "1472_384": { "coord": [ 8.0, 1.0 ], "autotile_index": 0.0, "tileset": "tile_medieval3", "autotile": 1.0 }, "1312_224": { "coord": [ 2.0, 2.0 ], "autotile_index": 0.0, "tileset": "tile_medieval3", "autotile": 1.0 }, "1408_288": { "coord": [ 8.0, 1.0 ], "autotile_index": 0.0, "tileset": "tile_medieval3", "autotile": 1.0 }, "1312_512": { "coord": [ 2.0, 2.0 ], "autotile_index": 0.0, "tileset": "tile_medieval3", "autotile": 1.0 }, "1376_320": { "coord": [ 8.0, 1.0 ], "autotile_index": 0.0, "tileset": "tile_medieval3", "autotile": 1.0 }, "1248_544": { "coord": [ 2.0, 3.0 ], "autotile_index": 0.0, "tileset": "tile_medieval3", "autotile": 1.0 }, "1344_384": { "coord": [ 8.0, 1.0 ], "autotile_index": 0.0, "tileset": "tile_medieval3", "autotile": 1.0 }, "1376_448": { "coord": [ 8.0, 1.0 ], "autotile_index": 0.0, "tileset": "tile_medieval3", "autotile": 1.0 }, "1504_256": { "coord": [ 8.0, 1.0 ], "autotile_index": 0.0, "tileset": "tile_medieval3", "autotile": 1.0 }, "1472_320": { "coord": [ 8.0, 1.0 ], "autotile_index": 0.0, "tileset": "tile_medieval3", "autotile": 1.0 }, "1408_224": { "coord": [ 2.0, 2.0 ], "autotile_index": 0.0, "tileset": "tile_medieval3", "autotile": 1.0 }, "1056_192": { "coord": [ 2.0, 1.0 ], "autotile_index": 0.0, "tileset": "tile_medieval3", "autotile": 1.0 }, "1152_544": { "coord": [ 2.0, 3.0 ], "autotile_index": 0.0, "tileset": "tile_medieval3", "autotile": 1.0 }, "1184_256": { "coord": [ 8.0, 1.0 ], "autotile_index": 0.0, "tileset": "tile_medieval3", "autotile": 1.0 }, "1408_384": { "coord": [ 8.0, 1.0 ], "autotile_index": 0.0, "tileset": "tile_medieval3", "autotile": 1.0 }, "1280_352": { "coord": [ 8.0, 1.0 ], "autotile_index": 0.0, "tileset": "tile_medieval3", "autotile": 1.0 }, "1440_512": { "coord": [ 2.0, 2.0 ], "autotile_index": 0.0, "tileset": "tile_medieval3", "autotile": 1.0 }, "1760_416": { "coord": [ 8.0, 1.0 ], "autotile_index": 0.0, "tileset": "tile_medieval3", "autotile": 1.0 }, "1024_288": { "coord": [ 1.0, 2.0 ], "autotile_index": 0.0, "tileset": "tile_medieval3", "autotile": 1.0 }, "1792_224": { "coord": [ 2.0, 2.0 ], "autotile_index": 0.0, "tileset": "tile_medieval3", "autotile": 1.0 }, "1216_384": { "coord": [ 8.0, 1.0 ], "autotile_index": 0.0, "tileset": "tile_medieval3", "autotile": 1.0 }, "1664_384": { "coord": [ 8.0, 1.0 ], "autotile_index": 0.0, "tileset": "tile_medieval3", "autotile": 1.0 }, "1472_352": { "coord": [ 8.0, 1.0 ], "autotile_index": 0.0, "tileset": "tile_medieval3", "autotile": 1.0 }, "1056_352": { "coord": [ 2.0, 2.0 ], "autotile_index": 0.0, "tileset": "tile_medieval3", "autotile": 1.0 }, "1184_448": { "coord": [ 8.0, 1.0 ], "autotile_index": 0.0, "tileset": "tile_medieval3", "autotile": 1.0 }, "1184_512": { "coord": [ 2.0, 2.0 ], "autotile_index": 0.0, "tileset": "tile_medieval3", "autotile": 1.0 }, "1312_544": { "coord": [ 2.0, 3.0 ], "autotile_index": 0.0, "tileset": "tile_medieval3", "autotile": 1.0 }, "1440_224": { "coord": [ 2.0, 2.0 ], "autotile_index": 0.0, "tileset": "tile_medieval3", "autotile": 1.0 }, "1440_256": { "coord": [ 8.0, 1.0 ], "autotile_index": 0.0, "tileset": "tile_medieval3", "autotile": 1.0 }, "1056_512": { "coord": [ 2.0, 2.0 ], "autotile_index": 0.0, "tileset": "tile_medieval3", "autotile": 1.0 }, "1312_448": { "coord": [ 8.0, 1.0 ], "autotile_index": 0.0, "tileset": "tile_medieval3", "autotile": 1.0 }, "1184_544": { "coord": [ 2.0, 3.0 ], "autotile_index": 0.0, "tileset": "tile_medieval3", "autotile": 1.0 }, "1728_192": { "coord": [ 2.0, 1.0 ], "autotile_index": 0.0, "tileset": "tile_medieval3", "autotile": 1.0 }, "1792_320": { "coord": [ 2.0, 2.0 ], "autotile_index": 0.0, "tileset": "tile_medieval3", "autotile": 1.0 }, "1280_448": { "coord": [ 8.0, 1.0 ], "autotile_index": 0.0, "tileset": "tile_medieval3", "autotile": 1.0 }, "1376_512": { "coord": [ 2.0, 2.0 ], "autotile_index": 0.0, "tileset": "tile_medieval3", "autotile": 1.0 }, "1280_480": { "coord": [ 8.0, 1.0 ], "autotile_index": 0.0, "tileset": "tile_medieval3", "autotile": 1.0 }, "1088_384": { "coord": [ 8.0, 1.0 ], "autotile_index": 0.0, "tileset": "tile_medieval3", "autotile": 1.0 }, "1504_224": { "coord": [ 2.0, 2.0 ], "autotile_index": 0.0, "tileset": "tile_medieval3", "autotile": 1.0 }, "1344_416": { "coord": [ 8.0, 1.0 ], "autotile_index": 0.0, "tileset": "tile_medieval3", "autotile": 1.0 }, "1024_480": { "coord": [ 1.0, 2.0 ], "autotile_index": 0.0, "tileset": "tile_medieval3", "autotile": 1.0 }, "1376_192": { "coord": [ 2.0, 1.0 ], "autotile_index": 0.0, "tileset": "tile_medieval3", "autotile": 1.0 }, "1280_384": { "coord": [ 8.0, 1.0 ], "autotile_index": 0.0, "tileset": "tile_medieval3", "autotile": 1.0 }, "1440_480": { "coord": [ 8.0, 1.0 ], "autotile_index": 0.0, "tileset": "tile_medieval3", "autotile": 1.0 }, "1152_320": { "coord": [ 8.0, 1.0 ], "autotile_index": 0.0, "tileset": "tile_medieval3", "autotile": 1.0 }, "1504_288": { "coord": [ 8.0, 1.0 ], "autotile_index": 0.0, "tileset": "tile_medieval3", "autotile": 1.0 }, "1568_544": { "coord": [ 2.0, 3.0 ], "autotile_index": 0.0, "tileset": "tile_medieval3", "autotile": 1.0 }, "1248_288": { "coord": [ 8.0, 1.0 ], "autotile_index": 0.0, "tileset": "tile_medieval3", "autotile": 1.0 }, "1600_256": { "coord": [ 8.0, 1.0 ], "autotile_index": 0.0, "tileset": "tile_medieval3", "autotile": 1.0 }, "1760_384": { "coord": [ 8.0, 1.0 ], "autotile_index": 0.0, "tileset": "tile_medieval3", "autotile": 1.0 }, "1600_192": { "coord": [ 2.0, 1.0 ], "autotile_index": 0.0, "tileset": "tile_medieval3", "autotile": 1.0 }, "1408_352": { "coord": [ 8.0, 1.0 ], "autotile_index": 0.0, "tileset": "tile_medieval3", "autotile": 1.0 }, "1728_320": { "coord": [ 8.0, 1.0 ], "autotile_index": 0.0, "tileset": "tile_medieval3", "autotile": 1.0 }, "1280_288": { "coord": [ 8.0, 1.0 ], "autotile_index": 0.0, "tileset": "tile_medieval3", "autotile": 1.0 }, "1184_384": { "coord": [ 8.0, 1.0 ], "autotile_index": 0.0, "tileset": "tile_medieval3", "autotile": 1.0 }, "1088_256": { "coord": [ 8.0, 1.0 ], "autotile_index": 0.0, "tileset": "tile_medieval3", "autotile": 1.0 }, "1568_320": { "coord": [ 8.0, 1.0 ], "autotile_index": 0.0, "tileset": "tile_medieval3", "autotile": 1.0 }, "1184_320": { "coord": [ 8.0, 1.0 ], "autotile_index": 0.0, "tileset": "tile_medieval3", "autotile": 1.0 }, "1280_192": { "coord": [ 2.0, 1.0 ], "autotile_index": 0.0, "tileset": "tile_medieval3", "autotile": 1.0 }, "1152_416": { "coord": [ 8.0, 1.0 ], "autotile_index": 0.0, "tileset": "tile_medieval3", "autotile": 1.0 }, "1536_512": { "coord": [ 2.0, 2.0 ], "autotile_index": 0.0, "tileset": "tile_medieval3", "autotile": 1.0 }, "1632_224": { "coord": [ 2.0, 2.0 ], "autotile_index": 0.0, "tileset": "tile_medieval3", "autotile": 1.0 }, "1760_288": { "coord": [ 8.0, 1.0 ], "autotile_index": 0.0, "tileset": "tile_medieval3", "autotile": 1.0 }, "1696_384": { "coord": [ 8.0, 1.0 ], "autotile_index": 0.0, "tileset": "tile_medieval3", "autotile": 1.0 }, "1024_256": { "coord": [ 1.0, 2.0 ], "autotile_index": 0.0, "tileset": "tile_medieval3", "autotile": 1.0 }, "1760_320": { "coord": [ 8.0, 1.0 ], "autotile_index": 0.0, "tileset": "tile_medieval3", "autotile": 1.0 }, "1216_288": { "coord": [ 8.0, 1.0 ], "autotile_index": 0.0, "tileset": "tile_medieval3", "autotile": 1.0 }, "1600_320": { "coord": [ 8.0, 1.0 ], "autotile_index": 0.0, "tileset": "tile_medieval3", "autotile": 1.0 }, "1664_416": { "coord": [ 8.0, 1.0 ], "autotile_index": 0.0, "tileset": "tile_medieval3", "autotile": 1.0 }, "1248_416": { "coord": [ 8.0, 1.0 ], "autotile_index": 0.0, "tileset": "tile_medieval3", "autotile": 1.0 }, "1792_512": { "coord": [ 2.0, 2.0 ], "autotile_index": 0.0, "tileset": "tile_medieval3", "autotile": 1.0 }, "1376_416": { "coord": [ 8.0, 1.0 ], "autotile_index": 0.0, "tileset": "tile_medieval3", "autotile": 1.0 }, "1152_512": { "coord": [ 2.0, 2.0 ], "autotile_index": 0.0, "tileset": "tile_medieval3", "autotile": 1.0 }, "1728_288": { "coord": [ 8.0, 1.0 ], "autotile_index": 0.0, "tileset": "tile_medieval3", "autotile": 1.0 }, "1760_544": { "coord": [ 2.0, 2.0 ], "autotile_index": 0.0, "tileset": "tile_medieval3", "autotile": 1.0 }, "1600_544": { "coord": [ 2.0, 3.0 ], "autotile_index": 0.0, "tileset": "tile_medieval3", "autotile": 1.0 }, "1152_192": { "coord": [ 2.0, 1.0 ], "autotile_index": 0.0, "tileset": "tile_medieval3", "autotile": 1.0 }, "1408_320": { "coord": [ 8.0, 1.0 ], "autotile_index": 0.0, "tileset": "tile_medieval3", "autotile": 1.0 }, "1120_416": { "coord": [ 8.0, 1.0 ], "autotile_index": 0.0, "tileset": "tile_medieval3", "autotile": 1.0 }, "1664_288": { "coord": [ 8.0, 1.0 ], "autotile_index": 0.0, "tileset": "tile_medieval3", "autotile": 1.0 }, "1664_320": { "coord": [ 8.0, 1.0 ], "autotile_index": 0.0, "tileset": "tile_medieval3", "autotile": 1.0 }, "1728_480": { "coord": [ 8.0, 1.0 ], "autotile_index": 0.0, "tileset": "tile_medieval3", "autotile": 1.0 }, "1664_480": { "coord": [ 8.0, 1.0 ], "autotile_index": 0.0, "tileset": "tile_medieval3", "autotile": 1.0 }, "1632_256": { "coord": [ 8.0, 1.0 ], "autotile_index": 0.0, "tileset": "tile_medieval3", "autotile": 1.0 }, "1280_320": { "coord": [ 8.0, 1.0 ], "autotile_index": 0.0, "tileset": "tile_medieval3", "autotile": 1.0 }, "1472_256": { "coord": [ 8.0, 1.0 ], "autotile_index": 0.0, "tileset": "tile_medieval3", "autotile": 1.0 }, "1024_448": { "coord": [ 1.0, 2.0 ], "autotile_index": 0.0, "tileset": "tile_medieval3", "autotile": 1.0 }, "1728_544": { "coord": [ 2.0, 2.0 ], "autotile_index": 0.0, "tileset": "tile_medieval3", "autotile": 1.0 }, "1280_256": { "coord": [ 8.0, 1.0 ], "autotile_index": 0.0, "tileset": "tile_medieval3", "autotile": 1.0 }, "1696_320": { "coord": [ 8.0, 1.0 ], "autotile_index": 0.0, "tileset": "tile_medieval3", "autotile": 1.0 }, "1632_480": { "coord": [ 8.0, 1.0 ], "autotile_index": 0.0, "tileset": "tile_medieval3", "autotile": 1.0 }, "1504_416": { "coord": [ 8.0, 1.0 ], "autotile_index": 0.0, "tileset": "tile_medieval3", "autotile": 1.0 }, "1344_480": { "coord": [ 8.0, 1.0 ], "autotile_index": 0.0, "tileset": "tile_medieval3", "autotile": 1.0 }, "1728_256": { "coord": [ 8.0, 1.0 ], "autotile_index": 0.0, "tileset": "tile_medieval3", "autotile": 1.0 }, "1600_512": { "coord": [ 2.0, 2.0 ], "autotile_index": 0.0, "tileset": "tile_medieval3", "autotile": 1.0 }, "1216_512": { "coord": [ 2.0, 2.0 ], "autotile_index": 0.0, "tileset": "tile_medieval3", "autotile": 1.0 }, "1280_416": { "coord": [ 8.0, 1.0 ], "autotile_index": 0.0, "tileset": "tile_medieval3", "autotile": 1.0 }, "1600_288": { "coord": [ 8.0, 1.0 ], "autotile_index": 0.0, "tileset": "tile_medieval3", "autotile": 1.0 }, "1056_256": { "coord": [ 2.0, 2.0 ], "autotile_index": 0.0, "tileset": "tile_medieval3", "autotile": 1.0 }, "1600_448": { "coord": [ 8.0, 1.0 ], "autotile_index": 0.0, "tileset": "tile_medieval3", "autotile": 1.0 }, "1248_256": { "coord": [ 8.0, 1.0 ], "autotile_index": 0.0, "tileset": "tile_medieval3", "autotile": 1.0 }, "1088_512": { "coord": [ 2.0, 2.0 ], "autotile_index": 0.0, "tileset": "tile_medieval3", "autotile": 1.0 }, "1440_384": { "coord": [ 8.0, 1.0 ], "autotile_index": 0.0, "tileset": "tile_medieval3", "autotile": 1.0 }, "1600_224": { "coord": [ 2.0, 2.0 ], "autotile_index": 0.0, "tileset": "tile_medieval3", "autotile": 1.0 }, "1696_544": { "coord": [ 2.0, 2.0 ], "autotile_index": 0.0, "tileset": "tile_medieval3", "autotile": 1.0 }, "1248_192": { "coord": [ 2.0, 1.0 ], "autotile_index": 0.0, "tileset": "tile_medieval3", "autotile": 1.0 }, "1376_384": { "coord": [ 8.0, 1.0 ], "autotile_index": 0.0, "tileset": "tile_medieval3", "autotile": 1.0 }, "1120_224": { "coord": [ 2.0, 2.0 ], "autotile_index": 0.0, "tileset": "tile_medieval3", "autotile": 1.0 }, "1120_448": { "coord": [ 8.0, 1.0 ], "autotile_index": 0.0, "tileset": "tile_medieval3", "autotile": 1.0 }, "1632_320": { "coord": [ 8.0, 1.0 ], "autotile_index": 0.0, "tileset": "tile_medieval3", "autotile": 1.0 }, "1024_224": { "coord": [ 1.0, 2.0 ], "autotile_index": 0.0, "tileset": "tile_medieval3", "autotile": 1.0 }, "1600_480": { "coord": [ 8.0, 1.0 ], "autotile_index": 0.0, "tileset": "tile_medieval3", "autotile": 1.0 }, "1536_480": { "coord": [ 8.0, 1.0 ], "autotile_index": 0.0, "tileset": "tile_medieval3", "autotile": 1.0 }, "1376_224": { "coord": [ 2.0, 2.0 ], "autotile_index": 0.0, "tileset": "tile_medieval3", "autotile": 1.0 }, "1248_480": { "coord": [ 8.0, 1.0 ], "autotile_index": 0.0, "tileset": "tile_medieval3", "autotile": 1.0 }, "1568_480": { "coord": [ 8.0, 1.0 ], "autotile_index": 0.0, "tileset": "tile_medieval3", "autotile": 1.0 }, "1728_384": { "coord": [ 8.0, 1.0 ], "autotile_index": 0.0, "tileset": "tile_medieval3", "autotile": 1.0 }, "1088_224": { "coord": [ 2.0, 2.0 ], "autotile_index": 0.0, "tileset": "tile_medieval3", "autotile": 1.0 }, "1344_256": { "coord": [ 8.0, 1.0 ], "autotile_index": 0.0, "tileset": "tile_medieval3", "autotile": 1.0 }, "1216_256": { "coord": [ 8.0, 1.0 ], "autotile_index": 0.0, "tileset": "tile_medieval3", "autotile": 1.0 }, "1344_224": { "coord": [ 2.0, 2.0 ], "autotile_index": 0.0, "tileset": "tile_medieval3", "autotile": 1.0 }, "1504_384": { "coord": [ 8.0, 1.0 ], "autotile_index": 0.0, "tileset": "tile_medieval3", "autotile": 1.0 }, "1760_448": { "coord": [ 8.0, 1.0 ], "autotile_index": 0.0, "tileset": "tile_medieval3", "autotile": 1.0 }, "1792_384": { "coord": [ 2.0, 2.0 ], "autotile_index": 0.0, "tileset": "tile_medieval3", "autotile": 1.0 }, "1504_192": { "coord": [ 2.0, 1.0 ], "autotile_index": 0.0, "tileset": "tile_medieval3", "autotile": 1.0 }, "1760_192": { "coord": [ 2.0, 1.0 ], "autotile_index": 0.0, "tileset": "tile_medieval3", "autotile": 1.0 }, "1504_512": { "coord": [ 2.0, 2.0 ], "autotile_index": 0.0, "tileset": "tile_medieval3", "autotile": 1.0 }, "1568_256": { "coord": [ 8.0, 1.0 ], "autotile_index": 0.0, "tileset": "tile_medieval3", "autotile": 1.0 }, "1536_256": { "coord": [ 8.0, 1.0 ], "autotile_index": 0.0, "tileset": "tile_medieval3", "autotile": 1.0 }, "1312_384": { "coord": [ 8.0, 1.0 ], "autotile_index": 0.0, "tileset": "tile_medieval3", "autotile": 1.0 }, "1472_448": { "coord": [ 8.0, 1.0 ], "autotile_index": 0.0, "tileset": "tile_medieval3", "autotile": 1.0 }, "1472_480": { "coord": [ 8.0, 1.0 ], "autotile_index": 0.0, "tileset": "tile_medieval3", "autotile": 1.0 }, "1024_416": { "coord": [ 1.0, 2.0 ], "autotile_index": 0.0, "tileset": "tile_medieval3", "autotile": 1.0 }, "1568_352": { "coord": [ 8.0, 1.0 ], "autotile_index": 0.0, "tileset": "tile_medieval3", "autotile": 1.0 }, "1088_416": { "coord": [ 8.0, 1.0 ], "autotile_index": 0.0, "tileset": "tile_medieval3", "autotile": 1.0 }, "1152_448": { "coord": [ 8.0, 1.0 ], "autotile_index": 0.0, "tileset": "tile_medieval3", "autotile": 1.0 }, "1312_192": { "coord": [ 2.0, 1.0 ], "autotile_index": 0.0, "tileset": "tile_medieval3", "autotile": 1.0 }, "1184_288": { "coord": [ 8.0, 1.0 ], "autotile_index": 0.0, "tileset": "tile_medieval3", "autotile": 1.0 }, "1536_384": { "coord": [ 8.0, 1.0 ], "autotile_index": 0.0, "tileset": "tile_medieval3", "autotile": 1.0 }, "1088_480": { "coord": [ 8.0, 1.0 ], "autotile_index": 0.0, "tileset": "tile_medieval3", "autotile": 1.0 }, "1792_416": { "coord": [ 2.0, 2.0 ], "autotile_index": 0.0, "tileset": "tile_medieval3", "autotile": 1.0 }, "1216_416": { "coord": [ 8.0, 1.0 ], "autotile_index": 0.0, "tileset": "tile_medieval3", "autotile": 1.0 }, "1216_192": { "coord": [ 2.0, 1.0 ], "autotile_index": 0.0, "tileset": "tile_medieval3", "autotile": 1.0 }, "1600_384": { "coord": [ 8.0, 1.0 ], "autotile_index": 0.0, "tileset": "tile_medieval3", "autotile": 1.0 }, "1536_320": { "coord": [ 8.0, 1.0 ], "autotile_index": 0.0, "tileset": "tile_medieval3", "autotile": 1.0 }, "1248_384": { "coord": [ 8.0, 1.0 ], "autotile_index": 0.0, "tileset": "tile_medieval3", "autotile": 1.0 }, "1088_544": { "coord": [ 2.0, 3.0 ], "autotile_index": 0.0, "tileset": "tile_medieval3", "autotile": 1.0 }, "1472_224": { "coord": [ 2.0, 2.0 ], "autotile_index": 0.0, "tileset": "tile_medieval3", "autotile": 1.0 }, "1344_512": { "coord": [ 2.0, 2.0 ], "autotile_index": 0.0, "tileset": "tile_medieval3", "autotile": 1.0 }, "1664_448": { "coord": [ 8.0, 1.0 ], "autotile_index": 0.0, "tileset": "tile_medieval3", "autotile": 1.0 }, "1600_416": { "coord": [ 8.0, 1.0 ], "autotile_index": 0.0, "tileset": "tile_medieval3", "autotile": 1.0 }, "1056_416": { "coord": [ 2.0, 2.0 ], "autotile_index": 0.0, "tileset": "tile_medieval3", "autotile": 1.0 }, "1504_544": { "coord": [ 2.0, 3.0 ], "autotile_index": 0.0, "tileset": "tile_medieval3", "autotile": 1.0 }, "1312_352": { "coord": [ 8.0, 1.0 ], "autotile_index": 0.0, "tileset": "tile_medieval3", "autotile": 1.0 }, "1216_320": { "coord": [ 8.0, 1.0 ], "autotile_index": 0.0, "tileset": "tile_medieval3", "autotile": 1.0 }, "1760_480": { "coord": [ 8.0, 1.0 ], "autotile_index": 0.0, "tileset": "tile_medieval3", "autotile": 1.0 }, "1024_192": { "coord": [ 1.0, 1.0 ], "autotile_index": 0.0, "tileset": "tile_medieval3", "autotile": 1.0 }, "1344_288": { "coord": [ 8.0, 1.0 ], "autotile_index": 0.0, "tileset": "tile_medieval3", "autotile": 1.0 }, "1280_544": { "coord": [ 2.0, 3.0 ], "autotile_index": 0.0, "tileset": "tile_medieval3", "autotile": 1.0 }, "1472_544": { "coord": [ 2.0, 3.0 ], "autotile_index": 0.0, "tileset": "tile_medieval3", "autotile": 1.0 }, "1152_288": { "coord": [ 8.0, 1.0 ], "autotile_index": 0.0, "tileset": "tile_medieval3", "autotile": 1.0 }, "1568_288": { "coord": [ 8.0, 1.0 ], "autotile_index": 0.0, "tileset": "tile_medieval3", "autotile": 1.0 }, "1440_288": { "coord": [ 8.0, 1.0 ], "autotile_index": 0.0, "tileset": "tile_medieval3", "autotile": 1.0 }, "1536_352": { "coord": [ 8.0, 1.0 ], "autotile_index": 0.0, "tileset": "tile_medieval3", "autotile": 1.0 }, "1440_416": { "coord": [ 8.0, 1.0 ], "autotile_index": 0.0, "tileset": "tile_medieval3", "autotile": 1.0 }, "1056_224": { "coord": [ 2.0, 2.0 ], "autotile_index": 0.0, "tileset": "tile_medieval3", "autotile": 1.0 }, "1344_320": { "coord": [ 8.0, 1.0 ], "autotile_index": 0.0, "tileset": "tile_medieval3", "autotile": 1.0 }, "1344_192": { "coord": [ 2.0, 1.0 ], "autotile_index": 0.0, "tileset": "tile_medieval3", "autotile": 1.0 }, "1728_224": { "coord": [ 2.0, 2.0 ], "autotile_index": 0.0, "tileset": "tile_medieval3", "autotile": 1.0 } }, "5": { "1504_480": { "coord": [ 7.0, 5.0 ], "autotile_index": 0.0, "tileset": "tile_entrance1", "autotile": 1.0 }, "1248_512": { "coord": [ 7.0, 4.0 ], "autotile_index": 0.0, "tileset": "tile_entrance1", "autotile": 1.0 }, "1344_448": { "tileset": "tile_entrance1", "coord": [ 5.0, 1.0 ] }, "1504_448": { "tileset": "tile_entrance1", "coord": [ 5.0, 1.0 ] }, "-96_512": { "coord": [ 4.0, 5.0 ], "autotile_index": 0.0, "tileset": "tile_entrance1", "autotile": 1.0 }, "640_512": { "coord": [ 7.0, 4.0 ], "autotile_index": 0.0, "tileset": "tile_entrance1", "autotile": 1.0 }, "736_448": { "tileset": "tile_entrance1", "coord": [ 5.0, 1.0 ] }, "1888_480": { "coord": [ 7.0, 5.0 ], "autotile_index": 0.0, "tileset": "tile_entrance1", "autotile": 1.0 }, "1792_448": { "coord": [ 5.0, 4.0 ], "autotile_index": 0.0, "tileset": "tile_entrance1", "autotile": 1.0 }, "352_512": { "coord": [ 7.0, 4.0 ], "autotile_index": 0.0, "tileset": "tile_entrance1", "autotile": 1.0 }, "704_192": { "tileset": "tile_entrance1", "coord": [ 6.0, 2.0 ] }, "64_576": { "coord": [ 7.0, 5.0 ], "autotile_index": 0.0, "tileset": "tile_entrance1", "autotile": 1.0 }, "1856_576": { "coord": [ 5.0, 6.0 ], "autotile_index": 0.0, "tileset": "tile_entrance1", "autotile": 1.0 }, "160_480": { "coord": [ 7.0, 5.0 ], "autotile_index": 0.0, "tileset": "tile_entrance1", "autotile": 1.0 }, "1408_448": { "tileset": "tile_entrance1", "coord": [ 5.0, 1.0 ] }, "1568_448": { "coord": [ 5.0, 4.0 ], "autotile_index": 0.0, "tileset": "tile_entrance1", "autotile": 1.0 }, "1056_480": { "coord": [ 7.0, 5.0 ], "autotile_index": 0.0, "tileset": "tile_entrance1", "autotile": 1.0 }, "-64_480": { "coord": [ 7.0, 5.0 ], "autotile_index": 0.0, "tileset": "tile_entrance1", "autotile": 1.0 }, "1344_544": { "coord": [ 7.0, 5.0 ], "autotile_index": 0.0, "tileset": "tile_entrance1", "autotile": 1.0 }, "800_544": { "coord": [ 7.0, 5.0 ], "autotile_index": 0.0, "tileset": "tile_entrance1", "autotile": 1.0 }, "192_544": { "coord": [ 7.0, 4.0 ], "autotile_index": 0.0, "tileset": "tile_entrance1", "autotile": 1.0 }, "160_608": { "coord": [ 5.0, 6.0 ], "autotile_index": 0.0, "tileset": "tile_entrance1", "autotile": 1.0 }, "928_480": { "coord": [ 7.0, 5.0 ], "autotile_index": 0.0, "tileset": "tile_entrance1", "autotile": 1.0 }, "1920_512": { "coord": [ 6.0, 5.0 ], "autotile_index": 0.0, "tileset": "tile_entrance1", "autotile": 1.0 }, "192_512": { "coord": [ 7.0, 4.0 ], "autotile_index": 0.0, "tileset": "tile_entrance1", "autotile": 1.0 }, "1280_512": { "coord": [ 7.0, 4.0 ], "autotile_index": 0.0, "tileset": "tile_entrance1", "autotile": 1.0 }, "576_448": { "tileset": "tile_entrance1", "coord": [ 5.0, 1.0 ] }, "1792_544": { "coord": [ 7.0, 5.0 ], "autotile_index": 0.0, "tileset": "tile_entrance1", "autotile": 1.0 }, "832_576": { "coord": [ 5.0, 6.0 ], "autotile_index": 0.0, "tileset": "tile_entrance1", "autotile": 1.0 }, "224_576": { "coord": [ 7.0, 5.0 ], "autotile_index": 0.0, "tileset": "tile_entrance1", "autotile": 1.0 }, "864_480": { "coord": [ 7.0, 5.0 ], "autotile_index": 0.0, "tileset": "tile_entrance1", "autotile": 1.0 }, "-64_608": { "coord": [ 4.0, 6.0 ], "autotile_index": 0.0, "tileset": "tile_entrance1", "autotile": 1.0 }, "1824_448": { "coord": [ 5.0, 4.0 ], "autotile_index": 0.0, "tileset": "tile_entrance1", "autotile": 1.0 }, "32_480": { "coord": [ 7.0, 5.0 ], "autotile_index": 0.0, "tileset": "tile_entrance1", "autotile": 1.0 }, "1664_576": { "coord": [ 5.0, 6.0 ], "autotile_index": 0.0, "tileset": "tile_entrance1", "autotile": 1.0 }, "0_448": { "coord": [ 5.0, 4.0 ], "autotile_index": 0.0, "tileset": "tile_entrance1", "autotile": 1.0 }, "1216_448": { "tileset": "tile_entrance1", "coord": [ 5.0, 1.0 ] }, "960_448": { "tileset": "tile_entrance1", "coord": [ 5.0, 1.0 ] }, "672_320": { "tileset": "tile_entrance1", "coord": [ 4.0, 2.0 ] }, "352_544": { "coord": [ 7.0, 5.0 ], "autotile_index": 0.0, "tileset": "tile_entrance1", "autotile": 1.0 }, "192_480": { "coord": [ 7.0, 5.0 ], "autotile_index": 0.0, "tileset": "tile_entrance1", "autotile": 1.0 }, "1632_512": { "coord": [ 7.0, 4.0 ], "autotile_index": 0.0, "tileset": "tile_entrance1", "autotile": 1.0 }, "1216_544": { "coord": [ 7.0, 5.0 ], "autotile_index": 0.0, "tileset": "tile_entrance1", "autotile": 1.0 }, "1760_512": { "coord": [ 7.0, 4.0 ], "autotile_index": 0.0, "tileset": "tile_entrance1", "autotile": 1.0 }, "480_544": { "coord": [ 7.0, 5.0 ], "autotile_index": 0.0, "tileset": "tile_entrance1", "autotile": 1.0 }, "96_480": { "coord": [ 7.0, 5.0 ], "autotile_index": 0.0, "tileset": "tile_entrance1", "autotile": 1.0 }, "1696_448": { "coord": [ 5.0, 4.0 ], "autotile_index": 0.0, "tileset": "tile_entrance1", "autotile": 1.0 }, "1024_544": { "coord": [ 7.0, 5.0 ], "autotile_index": 0.0, "tileset": "tile_entrance1", "autotile": 1.0 }, "1280_576": { "coord": [ 5.0, 6.0 ], "autotile_index": 0.0, "tileset": "tile_entrance1", "autotile": 1.0 }, "288_480": { "coord": [ 7.0, 5.0 ], "autotile_index": 0.0, "tileset": "tile_entrance1", "autotile": 1.0 }, "704_352": { "tileset": "tile_entrance1", "coord": [ 6.0, 2.0 ] }, "384_576": { "coord": [ 5.0, 6.0 ], "autotile_index": 0.0, "tileset": "tile_entrance1", "autotile": 1.0 }, "1376_576": { "coord": [ 5.0, 6.0 ], "autotile_index": 0.0, "tileset": "tile_entrance1", "autotile": 1.0 }, "384_480": { "coord": [ 7.0, 5.0 ], "autotile_index": 0.0, "tileset": "tile_entrance1", "autotile": 1.0 }, "672_96": { "tileset": "tile_entrance1", "coord": [ 4.0, 2.0 ] }, "1728_448": { "coord": [ 5.0, 4.0 ], "autotile_index": 0.0, "tileset": "tile_entrance1", "autotile": 1.0 }, "1120_544": { "coord": [ 7.0, 5.0 ], "autotile_index": 0.0, "tileset": "tile_entrance1", "autotile": 1.0 }, "1792_480": { "coord": [ 7.0, 5.0 ], "autotile_index": 0.0, "tileset": "tile_entrance1", "autotile": 1.0 }, "512_576": { "coord": [ 5.0, 6.0 ], "autotile_index": 0.0, "tileset": "tile_entrance1", "autotile": 1.0 }, "1696_512": { "coord": [ 7.0, 4.0 ], "autotile_index": 0.0, "tileset": "tile_entrance1", "autotile": 1.0 }, "-96_448": { "coord": [ 4.0, 4.0 ], "autotile_index": 0.0, "tileset": "tile_entrance1", "autotile": 1.0 }, "768_544": { "coord": [ 7.0, 5.0 ], "autotile_index": 0.0, "tileset": "tile_entrance1", "autotile": 1.0 }, "1536_544": { "coord": [ 7.0, 5.0 ], "autotile_index": 0.0, "tileset": "tile_entrance1", "autotile": 1.0 }, "864_512": { "coord": [ 7.0, 4.0 ], "autotile_index": 0.0, "tileset": "tile_entrance1", "autotile": 1.0 }, "1920_576": { "coord": [ 6.0, 6.0 ], "autotile_index": 0.0, "tileset": "tile_entrance1", "autotile": 1.0 }, "896_448": { "tileset": "tile_entrance1", "coord": [ 5.0, 1.0 ] }, "704_128": { "tileset": "tile_entrance1", "coord": [ 6.0, 2.0 ] }, "1216_576": { "coord": [ 5.0, 6.0 ], "autotile_index": 0.0, "tileset": "tile_entrance1", "autotile": 1.0 }, "0_480": { "coord": [ 7.0, 5.0 ], "autotile_index": 0.0, "tileset": "tile_entrance1", "autotile": 1.0 }, "640_544": { "coord": [ 7.0, 5.0 ], "autotile_index": 0.0, "tileset": "tile_entrance1", "autotile": 1.0 }, "1440_448": { "tileset": "tile_entrance1", "coord": [ 5.0, 1.0 ] }, "-32_576": { "coord": [ 7.0, 5.0 ], "autotile_index": 0.0, "tileset": "tile_entrance1", "autotile": 1.0 }, "1664_544": { "coord": [ 7.0, 5.0 ], "autotile_index": 0.0, "tileset": "tile_entrance1", "autotile": 1.0 }, "800_480": { "coord": [ 7.0, 5.0 ], "autotile_index": 0.0, "tileset": "tile_entrance1", "autotile": 1.0 }, "1568_512": { "coord": [ 7.0, 4.0 ], "autotile_index": 0.0, "tileset": "tile_entrance1", "autotile": 1.0 }, "96_608": { "coord": [ 5.0, 6.0 ], "autotile_index": 0.0, "tileset": "tile_entrance1", "autotile": 1.0 }, "1408_480": { "coord": [ 7.0, 5.0 ], "autotile_index": 0.0, "tileset": "tile_entrance1", "autotile": 1.0 }, "832_448": { "tileset": "tile_entrance1", "coord": [ 5.0, 1.0 ] }, "96_544": { "coord": [ 7.0, 4.0 ], "autotile_index": 0.0, "tileset": "tile_entrance1", "autotile": 1.0 }, "1856_512": { "coord": [ 7.0, 4.0 ], "autotile_index": 0.0, "tileset": "tile_entrance1", "autotile": 1.0 }, "480_480": { "coord": [ 7.0, 5.0 ], "autotile_index": 0.0, "tileset": "tile_entrance1", "autotile": 1.0 }, "672_576": { "coord": [ 5.0, 6.0 ], "autotile_index": 0.0, "tileset": "tile_entrance1", "autotile": 1.0 }, "672_448": { "tileset": "tile_entrance1", "coord": [ 5.0, 1.0 ] }, "1312_512": { "coord": [ 7.0, 4.0 ], "autotile_index": 0.0, "tileset": "tile_entrance1", "autotile": 1.0 }, "1376_448": { "tileset": "tile_entrance1", "coord": [ 5.0, 1.0 ] }, "1152_544": { "coord": [ 7.0, 5.0 ], "autotile_index": 0.0, "tileset": "tile_entrance1", "autotile": 1.0 }, "512_512": { "coord": [ 7.0, 4.0 ], "autotile_index": 0.0, "tileset": "tile_entrance1", "autotile": 1.0 }, "1440_512": { "coord": [ 7.0, 4.0 ], "autotile_index": 0.0, "tileset": "tile_entrance1", "autotile": 1.0 }, "128_576": { "coord": [ 7.0, 5.0 ], "autotile_index": 0.0, "tileset": "tile_entrance1", "autotile": 1.0 }, "1600_576": { "coord": [ 5.0, 6.0 ], "autotile_index": 0.0, "tileset": "tile_entrance1", "autotile": 1.0 }, "64_480": { "coord": [ 7.0, 5.0 ], "autotile_index": 0.0, "tileset": "tile_entrance1", "autotile": 1.0 }, "992_544": { "coord": [ 7.0, 5.0 ], "autotile_index": 0.0, "tileset": "tile_entrance1", "autotile": 1.0 }, "1856_480": { "coord": [ 7.0, 5.0 ], "autotile_index": 0.0, "tileset": "tile_entrance1", "autotile": 1.0 }, "448_480": { "coord": [ 7.0, 5.0 ], "autotile_index": 0.0, "tileset": "tile_entrance1", "autotile": 1.0 }, "672_256": { "tileset": "tile_entrance1", "coord": [ 4.0, 2.0 ] }, "1184_448": { "tileset": "tile_entrance1", "coord": [ 5.0, 1.0 ] }, "864_544": { "coord": [ 7.0, 5.0 ], "autotile_index": 0.0, "tileset": "tile_entrance1", "autotile": 1.0 }, "256_544": { "coord": [ 7.0, 5.0 ], "autotile_index": 0.0, "tileset": "tile_entrance1", "autotile": 1.0 }, "1184_544": { "coord": [ 7.0, 5.0 ], "autotile_index": 0.0, "tileset": "tile_entrance1", "autotile": 1.0 }, "1376_512": { "coord": [ 7.0, 4.0 ], "autotile_index": 0.0, "tileset": "tile_entrance1", "autotile": 1.0 }, "1280_480": { "coord": [ 7.0, 5.0 ], "autotile_index": 0.0, "tileset": "tile_entrance1", "autotile": 1.0 }, "288_448": { "tileset": "tile_entrance1", "coord": [ 5.0, 1.0 ] }, "1024_480": { "coord": [ 7.0, 5.0 ], "autotile_index": 0.0, "tileset": "tile_entrance1", "autotile": 1.0 }, "736_544": { "coord": [ 7.0, 5.0 ], "autotile_index": 0.0, "tileset": "tile_entrance1", "autotile": 1.0 }, "1120_576": { "coord": [ 5.0, 6.0 ], "autotile_index": 0.0, "tileset": "tile_entrance1", "autotile": 1.0 }, "928_512": { "coord": [ 7.0, 4.0 ], "autotile_index": 0.0, "tileset": "tile_entrance1", "autotile": 1.0 }, "704_288": { "tileset": "tile_entrance1", "coord": [ 6.0, 2.0 ] }, "1440_576": { "coord": [ 5.0, 6.0 ], "autotile_index": 0.0, "tileset": "tile_entrance1", "autotile": 1.0 }, "32_512": { "coord": [ 7.0, 4.0 ], "autotile_index": 0.0, "tileset": "tile_entrance1", "autotile": 1.0 }, "672_32": { "tileset": "tile_entrance1", "coord": [ 4.0, 2.0 ] }, "896_576": { "coord": [ 5.0, 6.0 ], "autotile_index": 0.0, "tileset": "tile_entrance1", "autotile": 1.0 }, "288_576": { "coord": [ 4.0, 1.0 ], "autotile_index": 0.0, "tileset": "tile_entrance1", "autotile": 1.0 }, "-64_576": { "coord": [ 6.0, 1.0 ], "autotile_index": 0.0, "tileset": "tile_entrance1", "autotile": 1.0 }, "1536_512": { "coord": [ 7.0, 4.0 ], "autotile_index": 0.0, "tileset": "tile_entrance1", "autotile": 1.0 }, "768_480": { "coord": [ 7.0, 5.0 ], "autotile_index": 0.0, "tileset": "tile_entrance1", "autotile": 1.0 }, "256_608": { "coord": [ 5.0, 6.0 ], "autotile_index": 0.0, "tileset": "tile_entrance1", "autotile": 1.0 }, "480_512": { "coord": [ 7.0, 4.0 ], "autotile_index": 0.0, "tileset": "tile_entrance1", "autotile": 1.0 }, "416_544": { "coord": [ 7.0, 5.0 ], "autotile_index": 0.0, "tileset": "tile_entrance1", "autotile": 1.0 }, "1824_512": { "coord": [ 7.0, 4.0 ], "autotile_index": 0.0, "tileset": "tile_entrance1", "autotile": 1.0 }, "608_480": { "coord": [ 7.0, 5.0 ], "autotile_index": 0.0, "tileset": "tile_entrance1", "autotile": 1.0 }, "704_64": { "tileset": "tile_entrance1", "coord": [ 6.0, 2.0 ] }, "1568_576": { "coord": [ 5.0, 6.0 ], "autotile_index": 0.0, "tileset": "tile_entrance1", "autotile": 1.0 }, "384_512": { "coord": [ 7.0, 4.0 ], "autotile_index": 0.0, "tileset": "tile_entrance1", "autotile": 1.0 }, "1152_512": { "coord": [ 7.0, 4.0 ], "autotile_index": 0.0, "tileset": "tile_entrance1", "autotile": 1.0 }, "-32_512": { "coord": [ 7.0, 4.0 ], "autotile_index": 0.0, "tileset": "tile_entrance1", "autotile": 1.0 }, "1600_544": { "coord": [ 7.0, 5.0 ], "autotile_index": 0.0, "tileset": "tile_entrance1", "autotile": 1.0 }, "544_544": { "coord": [ 7.0, 5.0 ], "autotile_index": 0.0, "tileset": "tile_entrance1", "autotile": 1.0 }, "832_512": { "coord": [ 7.0, 4.0 ], "autotile_index": 0.0, "tileset": "tile_entrance1", "autotile": 1.0 }, "448_576": { "coord": [ 5.0, 6.0 ], "autotile_index": 0.0, "tileset": "tile_entrance1", "autotile": 1.0 }, "32_608": { "coord": [ 5.0, 6.0 ], "autotile_index": 0.0, "tileset": "tile_entrance1", "autotile": 1.0 }, "1728_544": { "coord": [ 7.0, 5.0 ], "autotile_index": 0.0, "tileset": "tile_entrance1", "autotile": 1.0 }, "416_448": { "tileset": "tile_entrance1", "coord": [ 5.0, 1.0 ] }, "1056_576": { "coord": [ 5.0, 6.0 ], "autotile_index": 0.0, "tileset": "tile_entrance1", "autotile": 1.0 }, "0_512": { "coord": [ 7.0, 4.0 ], "autotile_index": 0.0, "tileset": "tile_entrance1", "autotile": 1.0 }, "960_544": { "coord": [ 7.0, 5.0 ], "autotile_index": 0.0, "tileset": "tile_entrance1", "autotile": 1.0 }, "672_416": { "tileset": "tile_entrance1", "coord": [ 4.0, 2.0 ] }, "1344_480": { "coord": [ 7.0, 5.0 ], "autotile_index": 0.0, "tileset": "tile_entrance1", "autotile": 1.0 }, "288_512": { "coord": [ 7.0, 4.0 ], "autotile_index": 0.0, "tileset": "tile_entrance1", "autotile": 1.0 }, "1216_512": { "coord": [ 7.0, 4.0 ], "autotile_index": 0.0, "tileset": "tile_entrance1", "autotile": 1.0 }, "0_544": { "coord": [ 7.0, 4.0 ], "autotile_index": 0.0, "tileset": "tile_entrance1", "autotile": 1.0 }, "576_576": { "coord": [ 5.0, 6.0 ], "autotile_index": 0.0, "tileset": "tile_entrance1", "autotile": 1.0 }, "1600_448": { "coord": [ 5.0, 4.0 ], "autotile_index": 0.0, "tileset": "tile_entrance1", "autotile": 1.0 }, "1696_544": { "coord": [ 7.0, 5.0 ], "autotile_index": 0.0, "tileset": "tile_entrance1", "autotile": 1.0 }, "896_480": { "coord": [ 7.0, 5.0 ], "autotile_index": 0.0, "tileset": "tile_entrance1", "autotile": 1.0 }, "1120_448": { "tileset": "tile_entrance1", "coord": [ 5.0, 1.0 ] }, "1856_448": { "coord": [ 5.0, 4.0 ], "autotile_index": 0.0, "tileset": "tile_entrance1", "autotile": 1.0 }, "1600_480": { "coord": [ 7.0, 5.0 ], "autotile_index": 0.0, "tileset": "tile_entrance1", "autotile": 1.0 }, "416_512": { "coord": [ 7.0, 4.0 ], "autotile_index": 0.0, "tileset": "tile_entrance1", "autotile": 1.0 }, "992_480": { "coord": [ 7.0, 5.0 ], "autotile_index": 0.0, "tileset": "tile_entrance1", "autotile": 1.0 }, "704_544": { "coord": [ 7.0, 5.0 ], "autotile_index": 0.0, "tileset": "tile_entrance1", "autotile": 1.0 }, "1536_576": { "coord": [ 5.0, 6.0 ], "autotile_index": 0.0, "tileset": "tile_entrance1", "autotile": 1.0 }, "640_480": { "coord": [ 7.0, 5.0 ], "autotile_index": 0.0, "tileset": "tile_entrance1", "autotile": 1.0 }, "672_192": { "tileset": "tile_entrance1", "coord": [ 4.0, 2.0 ] }, "32_576": { "coord": [ 7.0, 5.0 ], "autotile_index": 0.0, "tileset": "tile_entrance1", "autotile": 1.0 }, "1568_480": { "coord": [ 7.0, 5.0 ], "autotile_index": 0.0, "tileset": "tile_entrance1", "autotile": 1.0 }, "-96_544": { "coord": [ 4.0, 5.0 ], "autotile_index": 0.0, "tileset": "tile_entrance1", "autotile": 1.0 }, "160_544": { "coord": [ 7.0, 4.0 ], "autotile_index": 0.0, "tileset": "tile_entrance1", "autotile": 1.0 }, "1472_480": { "coord": [ 7.0, 5.0 ], "autotile_index": 0.0, "tileset": "tile_entrance1", "autotile": 1.0 }, "544_512": { "coord": [ 7.0, 4.0 ], "autotile_index": 0.0, "tileset": "tile_entrance1", "autotile": 1.0 }, "736_480": { "coord": [ 7.0, 5.0 ], "autotile_index": 0.0, "tileset": "tile_entrance1", "autotile": 1.0 }, "1248_576": { "coord": [ 5.0, 6.0 ], "autotile_index": 0.0, "tileset": "tile_entrance1", "autotile": 1.0 }, "128_480": { "coord": [ 7.0, 5.0 ], "autotile_index": 0.0, "tileset": "tile_entrance1", "autotile": 1.0 }, "704_224": { "tileset": "tile_entrance1", "coord": [ 6.0, 2.0 ] }, "1888_576": { "coord": [ 5.0, 6.0 ], "autotile_index": 0.0, "tileset": "tile_entrance1", "autotile": 1.0 }, "1088_480": { "coord": [ 7.0, 5.0 ], "autotile_index": 0.0, "tileset": "tile_entrance1", "autotile": 1.0 }, "-64_512": { "coord": [ 7.0, 5.0 ], "autotile_index": 0.0, "tileset": "tile_entrance1", "autotile": 1.0 }, "1344_512": { "coord": [ 7.0, 4.0 ], "autotile_index": 0.0, "tileset": "tile_entrance1", "autotile": 1.0 }, "800_576": { "coord": [ 5.0, 6.0 ], "autotile_index": 0.0, "tileset": "tile_entrance1", "autotile": 1.0 }, "192_576": { "coord": [ 7.0, 5.0 ], "autotile_index": 0.0, "tileset": "tile_entrance1", "autotile": 1.0 }, "1504_544": { "coord": [ 7.0, 5.0 ], "autotile_index": 0.0, "tileset": "tile_entrance1", "autotile": 1.0 }, "192_608": { "coord": [ 5.0, 6.0 ], "autotile_index": 0.0, "tileset": "tile_entrance1", "autotile": 1.0 }, "96_512": { "coord": [ 7.0, 4.0 ], "autotile_index": 0.0, "tileset": "tile_entrance1", "autotile": 1.0 }, "1760_480": { "coord": [ 7.0, 5.0 ], "autotile_index": 0.0, "tileset": "tile_entrance1", "autotile": 1.0 }, "1824_576": { "coord": [ 5.0, 6.0 ], "autotile_index": 0.0, "tileset": "tile_entrance1", "autotile": 1.0 }, "608_512": { "coord": [ 7.0, 4.0 ], "autotile_index": 0.0, "tileset": "tile_entrance1", "autotile": 1.0 }, "1280_544": { "coord": [ 7.0, 5.0 ], "autotile_index": 0.0, "tileset": "tile_entrance1", "autotile": 1.0 }, "704_0": { "tileset": "tile_entrance1", "coord": [ 6.0, 2.0 ] }, "128_512": { "coord": [ 7.0, 4.0 ], "autotile_index": 0.0, "tileset": "tile_entrance1", "autotile": 1.0 }, "928_544": { "coord": [ 7.0, 5.0 ], "autotile_index": 0.0, "tileset": "tile_entrance1", "autotile": 1.0 }, "320_544": { "coord": [ 7.0, 5.0 ], "autotile_index": 0.0, "tileset": "tile_entrance1", "autotile": 1.0 }, "-32_448": { "coord": [ 5.0, 4.0 ], "autotile_index": 0.0, "tileset": "tile_entrance1", "autotile": 1.0 }, "1376_544": { "coord": [ 7.0, 5.0 ], "autotile_index": 0.0, "tileset": "tile_entrance1", "autotile": 1.0 }, "672_512": { "coord": [ 7.0, 4.0 ], "autotile_index": 0.0, "tileset": "tile_entrance1", "autotile": 1.0 }, "1312_480": { "coord": [ 7.0, 5.0 ], "autotile_index": 0.0, "tileset": "tile_entrance1", "autotile": 1.0 }, "-32_608": { "coord": [ 5.0, 6.0 ], "autotile_index": 0.0, "tileset": "tile_entrance1", "autotile": 1.0 }, "512_480": { "coord": [ 7.0, 5.0 ], "autotile_index": 0.0, "tileset": "tile_entrance1", "autotile": 1.0 }, "1728_576": { "coord": [ 5.0, 6.0 ], "autotile_index": 0.0, "tileset": "tile_entrance1", "autotile": 1.0 }, "1216_480": { "coord": [ 7.0, 5.0 ], "autotile_index": 0.0, "tileset": "tile_entrance1", "autotile": 1.0 }, "576_512": { "coord": [ 7.0, 4.0 ], "autotile_index": 0.0, "tileset": "tile_entrance1", "autotile": 1.0 }, "960_480": { "coord": [ 7.0, 5.0 ], "autotile_index": 0.0, "tileset": "tile_entrance1", "autotile": 1.0 }, "672_352": { "tileset": "tile_entrance1", "coord": [ 4.0, 2.0 ] }, "352_576": { "coord": [ 5.0, 6.0 ], "autotile_index": 0.0, "tileset": "tile_entrance1", "autotile": 1.0 }, "1248_448": { "tileset": "tile_entrance1", "coord": [ 5.0, 1.0 ] }, "544_448": { "tileset": "tile_entrance1", "coord": [ 5.0, 1.0 ] }, "480_576": { "coord": [ 5.0, 6.0 ], "autotile_index": 0.0, "tileset": "tile_entrance1", "autotile": 1.0 }, "320_512": { "coord": [ 7.0, 4.0 ], "autotile_index": 0.0, "tileset": "tile_entrance1", "autotile": 1.0 }, "1024_576": { "coord": [ 5.0, 6.0 ], "autotile_index": 0.0, "tileset": "tile_entrance1", "autotile": 1.0 }, "1152_576": { "coord": [ 5.0, 6.0 ], "autotile_index": 0.0, "tileset": "tile_entrance1", "autotile": 1.0 }, "832_480": { "coord": [ 7.0, 5.0 ], "autotile_index": 0.0, "tileset": "tile_entrance1", "autotile": 1.0 }, "1056_448": { "tileset": "tile_entrance1", "coord": [ 5.0, 1.0 ] }, "704_384": { "tileset": "tile_entrance1", "coord": [ 6.0, 2.0 ] }, "1344_576": { "coord": [ 5.0, 6.0 ], "autotile_index": 0.0, "tileset": "tile_entrance1", "autotile": 1.0 }, "1120_480": { "coord": [ 7.0, 5.0 ], "autotile_index": 0.0, "tileset": "tile_entrance1", "autotile": 1.0 }, "480_448": { "tileset": "tile_entrance1", "coord": [ 5.0, 1.0 ] }, "672_128": { "tileset": "tile_entrance1", "coord": [ 4.0, 2.0 ] }, "1088_448": { "tileset": "tile_entrance1", "coord": [ 5.0, 1.0 ] }, "608_544": { "coord": [ 7.0, 5.0 ], "autotile_index": 0.0, "tileset": "tile_entrance1", "autotile": 1.0 }, "1632_544": { "coord": [ 7.0, 5.0 ], "autotile_index": 0.0, "tileset": "tile_entrance1", "autotile": 1.0 }, "-96_480": { "coord": [ 4.0, 5.0 ], "autotile_index": 0.0, "tileset": "tile_entrance1", "autotile": 1.0 }, "768_576": { "coord": [ 5.0, 6.0 ], "autotile_index": 0.0, "tileset": "tile_entrance1", "autotile": 1.0 }, "928_448": { "tileset": "tile_entrance1", "coord": [ 5.0, 1.0 ] }, "1760_576": { "coord": [ 5.0, 6.0 ], "autotile_index": 0.0, "tileset": "tile_entrance1", "autotile": 1.0 }, "1408_544": { "coord": [ 7.0, 5.0 ], "autotile_index": 0.0, "tileset": "tile_entrance1", "autotile": 1.0 }, "704_160": { "tileset": "tile_entrance1", "coord": [ 6.0, 2.0 ] }, "1632_576": { "coord": [ 5.0, 6.0 ], "autotile_index": 0.0, "tileset": "tile_entrance1", "autotile": 1.0 }, "64_544": { "coord": [ 7.0, 4.0 ], "autotile_index": 0.0, "tileset": "tile_entrance1", "autotile": 1.0 }, "256_512": { "coord": [ 7.0, 4.0 ], "autotile_index": 0.0, "tileset": "tile_entrance1", "autotile": 1.0 }, "640_576": { "coord": [ 5.0, 6.0 ], "autotile_index": 0.0, "tileset": "tile_entrance1", "autotile": 1.0 }, "1632_448": { "coord": [ 5.0, 4.0 ], "autotile_index": 0.0, "tileset": "tile_entrance1", "autotile": 1.0 }, "-64_448": { "coord": [ 5.0, 4.0 ], "autotile_index": 0.0, "tileset": "tile_entrance1", "autotile": 1.0 }, "1376_480": { "coord": [ 7.0, 5.0 ], "autotile_index": 0.0, "tileset": "tile_entrance1", "autotile": 1.0 }, "800_512": { "coord": [ 7.0, 4.0 ], "autotile_index": 0.0, "tileset": "tile_entrance1", "autotile": 1.0 }, "1152_480": { "coord": [ 7.0, 5.0 ], "autotile_index": 0.0, "tileset": "tile_entrance1", "autotile": 1.0 }, "128_608": { "coord": [ 5.0, 6.0 ], "autotile_index": 0.0, "tileset": "tile_entrance1", "autotile": 1.0 }, "256_448": { "tileset": "tile_entrance1", "coord": [ 5.0, 1.0 ] }, "96_576": { "coord": [ 7.0, 5.0 ], "autotile_index": 0.0, "tileset": "tile_entrance1", "autotile": 1.0 }, "1824_480": { "coord": [ 7.0, 5.0 ], "autotile_index": 0.0, "tileset": "tile_entrance1", "autotile": 1.0 }, "1440_544": { "coord": [ 7.0, 5.0 ], "autotile_index": 0.0, "tileset": "tile_entrance1", "autotile": 1.0 }, "224_512": { "coord": [ 7.0, 4.0 ], "autotile_index": 0.0, "tileset": "tile_entrance1", "autotile": 1.0 }, "1408_512": { "coord": [ 7.0, 4.0 ], "autotile_index": 0.0, "tileset": "tile_entrance1", "autotile": 1.0 }, "864_448": { "tileset": "tile_entrance1", "coord": [ 5.0, 1.0 ] }, "1664_512": { "coord": [ 7.0, 4.0 ], "autotile_index": 0.0, "tileset": "tile_entrance1", "autotile": 1.0 }, "1536_448": { "coord": [ 5.0, 4.0 ], "autotile_index": 0.0, "tileset": "tile_entrance1", "autotile": 1.0 }, "832_544": { "coord": [ 7.0, 5.0 ], "autotile_index": 0.0, "tileset": "tile_entrance1", "autotile": 1.0 }, "224_544": { "coord": [ 7.0, 4.0 ], "autotile_index": 0.0, "tileset": "tile_entrance1", "autotile": 1.0 }, "1184_480": { "coord": [ 7.0, 5.0 ], "autotile_index": 0.0, "tileset": "tile_entrance1", "autotile": 1.0 }, "352_448": { "tileset": "tile_entrance1", "coord": [ 5.0, 1.0 ] }, "1696_480": { "coord": [ 7.0, 5.0 ], "autotile_index": 0.0, "tileset": "tile_entrance1", "autotile": 1.0 }, "1088_576": { "coord": [ 5.0, 6.0 ], "autotile_index": 0.0, "tileset": "tile_entrance1", "autotile": 1.0 }, "704_512": { "coord": [ 7.0, 4.0 ], "autotile_index": 0.0, "tileset": "tile_entrance1", "autotile": 1.0 }, "992_576": { "coord": [ 5.0, 6.0 ], "autotile_index": 0.0, "tileset": "tile_entrance1", "autotile": 1.0 }, "1408_576": { "coord": [ 5.0, 6.0 ], "autotile_index": 0.0, "tileset": "tile_entrance1", "autotile": 1.0 }, "320_480": { "coord": [ 7.0, 5.0 ], "autotile_index": 0.0, "tileset": "tile_entrance1", "autotile": 1.0 }, "672_288": { "tileset": "tile_entrance1", "coord": [ 4.0, 2.0 ] }, "1056_544": { "coord": [ 7.0, 5.0 ], "autotile_index": 0.0, "tileset": "tile_entrance1", "autotile": 1.0 }, "448_448": { "tileset": "tile_entrance1", "coord": [ 5.0, 1.0 ] }, "864_576": { "coord": [ 5.0, 6.0 ], "autotile_index": 0.0, "tileset": "tile_entrance1", "autotile": 1.0 }, "256_576": { "coord": [ 7.0, 5.0 ], "autotile_index": 0.0, "tileset": "tile_entrance1", "autotile": 1.0 }, "1472_512": { "coord": [ 7.0, 4.0 ], "autotile_index": 0.0, "tileset": "tile_entrance1", "autotile": 1.0 }, "1728_512": { "coord": [ 7.0, 4.0 ], "autotile_index": 0.0, "tileset": "tile_entrance1", "autotile": 1.0 }, "896_512": { "coord": [ 7.0, 4.0 ], "autotile_index": 0.0, "tileset": "tile_entrance1", "autotile": 1.0 }, "1024_512": { "coord": [ 7.0, 4.0 ], "autotile_index": 0.0, "tileset": "tile_entrance1", "autotile": 1.0 }, "736_576": { "coord": [ 5.0, 6.0 ], "autotile_index": 0.0, "tileset": "tile_entrance1", "autotile": 1.0 }, "1888_512": { "coord": [ 7.0, 5.0 ], "autotile_index": 0.0, "tileset": "tile_entrance1", "autotile": 1.0 }, "544_480": { "coord": [ 7.0, 5.0 ], "autotile_index": 0.0, "tileset": "tile_entrance1", "autotile": 1.0 }, "704_320": { "tileset": "tile_entrance1", "coord": [ 6.0, 2.0 ] }, "384_544": { "coord": [ 7.0, 5.0 ], "autotile_index": 0.0, "tileset": "tile_entrance1", "autotile": 1.0 }, "1504_576": { "coord": [ 5.0, 6.0 ], "autotile_index": 0.0, "tileset": "tile_entrance1", "autotile": 1.0 }, "224_480": { "coord": [ 7.0, 5.0 ], "autotile_index": 0.0, "tileset": "tile_entrance1", "autotile": 1.0 }, "1120_512": { "coord": [ 7.0, 4.0 ], "autotile_index": 0.0, "tileset": "tile_entrance1", "autotile": 1.0 }, "672_64": { "tileset": "tile_entrance1", "coord": [ 4.0, 2.0 ] }, "1248_544": { "coord": [ 7.0, 5.0 ], "autotile_index": 0.0, "tileset": "tile_entrance1", "autotile": 1.0 }, "512_544": { "coord": [ 7.0, 5.0 ], "autotile_index": 0.0, "tileset": "tile_entrance1", "autotile": 1.0 }, "768_512": { "coord": [ 7.0, 4.0 ], "autotile_index": 0.0, "tileset": "tile_entrance1", "autotile": 1.0 }, "288_608": { "coord": [ 6.0, 6.0 ], "autotile_index": 0.0, "tileset": "tile_entrance1", "autotile": 1.0 }, "96_448": { "tileset": "tile_entrance1", "coord": [ 5.0, 1.0 ] }, "416_576": { "coord": [ 5.0, 6.0 ], "autotile_index": 0.0, "tileset": "tile_entrance1", "autotile": 1.0 }, "1920_480": { "coord": [ 6.0, 5.0 ], "autotile_index": 0.0, "tileset": "tile_entrance1", "autotile": 1.0 }, "32_448": { "coord": [ 5.0, 4.0 ], "autotile_index": 0.0, "tileset": "tile_entrance1", "autotile": 1.0 }, "704_96": { "tileset": "tile_entrance1", "coord": [ 6.0, 2.0 ] }, "1184_576": { "coord": [ 5.0, 6.0 ], "autotile_index": 0.0, "tileset": "tile_entrance1", "autotile": 1.0 }, "352_480": { "coord": [ 7.0, 5.0 ], "autotile_index": 0.0, "tileset": "tile_entrance1", "autotile": 1.0 }, "1184_512": { "coord": [ 7.0, 4.0 ], "autotile_index": 0.0, "tileset": "tile_entrance1", "autotile": 1.0 }, "1312_544": { "coord": [ 7.0, 5.0 ], "autotile_index": 0.0, "tileset": "tile_entrance1", "autotile": 1.0 }, "1056_512": { "coord": [ 7.0, 4.0 ], "autotile_index": 0.0, "tileset": "tile_entrance1", "autotile": 1.0 }, "-32_544": { "coord": [ 7.0, 5.0 ], "autotile_index": 0.0, "tileset": "tile_entrance1", "autotile": 1.0 }, "1312_448": { "tileset": "tile_entrance1", "coord": [ 5.0, 1.0 ] }, "544_576": { "coord": [ 5.0, 6.0 ], "autotile_index": 0.0, "tileset": "tile_entrance1", "autotile": 1.0 }, "1280_448": { "tileset": "tile_entrance1", "coord": [ 5.0, 1.0 ] }, "800_448": { "tileset": "tile_entrance1", "coord": [ 5.0, 1.0 ] }, "160_448": { "tileset": "tile_entrance1", "coord": [ 5.0, 1.0 ] }, "64_608": { "coord": [ 5.0, 6.0 ], "autotile_index": 0.0, "tileset": "tile_entrance1", "autotile": 1.0 }, "512_448": { "tileset": "tile_entrance1", "coord": [ 5.0, 1.0 ] }, "1920_448": { "coord": [ 6.0, 4.0 ], "autotile_index": 0.0, "tileset": "tile_entrance1", "autotile": 1.0 }, "576_480": { "coord": [ 7.0, 5.0 ], "autotile_index": 0.0, "tileset": "tile_entrance1", "autotile": 1.0 }, "1440_480": { "coord": [ 7.0, 5.0 ], "autotile_index": 0.0, "tileset": "tile_entrance1", "autotile": 1.0 }, "960_576": { "coord": [ 5.0, 6.0 ], "autotile_index": 0.0, "tileset": "tile_entrance1", "autotile": 1.0 }, "672_544": { "coord": [ 7.0, 5.0 ], "autotile_index": 0.0, "tileset": "tile_entrance1", "autotile": 1.0 }, "1568_544": { "coord": [ 7.0, 5.0 ], "autotile_index": 0.0, "tileset": "tile_entrance1", "autotile": 1.0 }, "704_448": { "tileset": "tile_entrance1", "coord": [ 5.0, 1.0 ] }, "0_576": { "coord": [ 7.0, 5.0 ], "autotile_index": 0.0, "tileset": "tile_entrance1", "autotile": 1.0 }, "672_480": { "coord": [ 7.0, 5.0 ], "autotile_index": 0.0, "tileset": "tile_entrance1", "autotile": 1.0 }, "128_544": { "coord": [ 7.0, 4.0 ], "autotile_index": 0.0, "tileset": "tile_entrance1", "autotile": 1.0 }, "1856_544": { "coord": [ 7.0, 5.0 ], "autotile_index": 0.0, "tileset": "tile_entrance1", "autotile": 1.0 }, "64_448": { "tileset": "tile_entrance1", "coord": [ 5.0, 1.0 ] }, "992_512": { "coord": [ 7.0, 4.0 ], "autotile_index": 0.0, "tileset": "tile_entrance1", "autotile": 1.0 }, "704_576": { "coord": [ 5.0, 6.0 ], "autotile_index": 0.0, "tileset": "tile_entrance1", "autotile": 1.0 }, "1312_576": { "coord": [ 5.0, 6.0 ], "autotile_index": 0.0, "tileset": "tile_entrance1", "autotile": 1.0 }, "384_448": { "tileset": "tile_entrance1", "coord": [ 5.0, 1.0 ] }, "672_224": { "tileset": "tile_entrance1", "coord": [ 4.0, 2.0 ] }, "1792_512": { "coord": [ 7.0, 4.0 ], "autotile_index": 0.0, "tileset": "tile_entrance1", "autotile": 1.0 }, "1760_544": { "coord": [ 7.0, 5.0 ], "autotile_index": 0.0, "tileset": "tile_entrance1", "autotile": 1.0 }, "1728_480": { "coord": [ 7.0, 5.0 ], "autotile_index": 0.0, "tileset": "tile_entrance1", "autotile": 1.0 }, "1664_480": { "coord": [ 7.0, 5.0 ], "autotile_index": 0.0, "tileset": "tile_entrance1", "autotile": 1.0 }, "160_576": { "coord": [ 7.0, 5.0 ], "autotile_index": 0.0, "tileset": "tile_entrance1", "autotile": 1.0 }, "256_480": { "coord": [ 7.0, 5.0 ], "autotile_index": 0.0, "tileset": "tile_entrance1", "autotile": 1.0 }, "1024_448": { "tileset": "tile_entrance1", "coord": [ 5.0, 1.0 ] }, "736_512": { "coord": [ 7.0, 4.0 ], "autotile_index": 0.0, "tileset": "tile_entrance1", "autotile": 1.0 }, "1824_544": { "coord": [ 7.0, 5.0 ], "autotile_index": 0.0, "tileset": "tile_entrance1", "autotile": 1.0 }, "320_448": { "tileset": "tile_entrance1", "coord": [ 5.0, 1.0 ] }, "704_256": { "tileset": "tile_entrance1", "coord": [ 6.0, 2.0 ] }, "1792_576": { "coord": [ 5.0, 6.0 ], "autotile_index": 0.0, "tileset": "tile_entrance1", "autotile": 1.0 }, "416_480": { "coord": [ 7.0, 5.0 ], "autotile_index": 0.0, "tileset": "tile_entrance1", "autotile": 1.0 }, "1632_480": { "coord": [ 7.0, 5.0 ], "autotile_index": 0.0, "tileset": "tile_entrance1", "autotile": 1.0 }, "672_0": { "tileset": "tile_entrance1", "coord": [ 4.0, 2.0 ] }, "1600_512": { "coord": [ 7.0, 4.0 ], "autotile_index": 0.0, "tileset": "tile_entrance1", "autotile": 1.0 }, "896_544": { "coord": [ 7.0, 5.0 ], "autotile_index": 0.0, "tileset": "tile_entrance1", "autotile": 1.0 }, "288_544": { "coord": [ 7.0, 5.0 ], "autotile_index": 0.0, "tileset": "tile_entrance1", "autotile": 1.0 }, "-64_544": { "coord": [ 7.0, 5.0 ], "autotile_index": 0.0, "tileset": "tile_entrance1", "autotile": 1.0 }, "1088_512": { "coord": [ 7.0, 4.0 ], "autotile_index": 0.0, "tileset": "tile_entrance1", "autotile": 1.0 }, "768_448": { "tileset": "tile_entrance1", "coord": [ 5.0, 1.0 ] }, "224_608": { "coord": [ 5.0, 6.0 ], "autotile_index": 0.0, "tileset": "tile_entrance1", "autotile": 1.0 }, "640_448": { "tileset": "tile_entrance1", "coord": [ 5.0, 1.0 ] }, "1472_576": { "coord": [ 5.0, 6.0 ], "autotile_index": 0.0, "tileset": "tile_entrance1", "autotile": 1.0 }, "448_512": { "coord": [ 7.0, 4.0 ], "autotile_index": 0.0, "tileset": "tile_entrance1", "autotile": 1.0 }, "1536_480": { "coord": [ 7.0, 5.0 ], "autotile_index": 0.0, "tileset": "tile_entrance1", "autotile": 1.0 }, "704_32": { "tileset": "tile_entrance1", "coord": [ 6.0, 2.0 ] }, "1920_544": { "coord": [ 6.0, 5.0 ], "autotile_index": 0.0, "tileset": "tile_entrance1", "autotile": 1.0 }, "1248_480": { "coord": [ 7.0, 5.0 ], "autotile_index": 0.0, "tileset": "tile_entrance1", "autotile": 1.0 }, "192_448": { "tileset": "tile_entrance1", "coord": [ 5.0, 1.0 ] }, "928_576": { "coord": [ 5.0, 6.0 ], "autotile_index": 0.0, "tileset": "tile_entrance1", "autotile": 1.0 }, "320_576": { "coord": [ 5.0, 6.0 ], "autotile_index": 0.0, "tileset": "tile_entrance1", "autotile": 1.0 }, "-32_480": { "coord": [ 7.0, 5.0 ], "autotile_index": 0.0, "tileset": "tile_entrance1", "autotile": 1.0 }, "1760_448": { "coord": [ 5.0, 4.0 ], "autotile_index": 0.0, "tileset": "tile_entrance1", "autotile": 1.0 }, "1504_512": { "coord": [ 7.0, 4.0 ], "autotile_index": 0.0, "tileset": "tile_entrance1", "autotile": 1.0 }, "64_512": { "coord": [ 7.0, 4.0 ], "autotile_index": 0.0, "tileset": "tile_entrance1", "autotile": 1.0 }, "1472_448": { "tileset": "tile_entrance1", "coord": [ 5.0, 1.0 ] }, "448_544": { "coord": [ 7.0, 5.0 ], "autotile_index": 0.0, "tileset": "tile_entrance1", "autotile": 1.0 }, "0_608": { "coord": [ 5.0, 6.0 ], "autotile_index": 0.0, "tileset": "tile_entrance1", "autotile": 1.0 }, "160_512": { "coord": [ 7.0, 4.0 ], "autotile_index": 0.0, "tileset": "tile_entrance1", "autotile": 1.0 }, "1888_544": { "coord": [ 7.0, 5.0 ], "autotile_index": 0.0, "tileset": "tile_entrance1", "autotile": 1.0 }, "608_448": { "tileset": "tile_entrance1", "coord": [ 5.0, 1.0 ] }, "1152_448": { "tileset": "tile_entrance1", "coord": [ 5.0, 1.0 ] }, "960_512": { "coord": [ 7.0, 4.0 ], "autotile_index": 0.0, "tileset": "tile_entrance1", "autotile": 1.0 }, "672_384": { "tileset": "tile_entrance1", "coord": [ 4.0, 2.0 ] }, "704_480": { "coord": [ 7.0, 5.0 ], "autotile_index": 0.0, "tileset": "tile_entrance1", "autotile": 1.0 }, "576_544": { "coord": [ 7.0, 5.0 ], "autotile_index": 0.0, "tileset": "tile_entrance1", "autotile": 1.0 }, "1088_544": { "coord": [ 7.0, 5.0 ], "autotile_index": 0.0, "tileset": "tile_entrance1", "autotile": 1.0 }, "1664_448": { "coord": [ 5.0, 4.0 ], "autotile_index": 0.0, "tileset": "tile_entrance1", "autotile": 1.0 }, "128_448": { "tileset": "tile_entrance1", "coord": [ 5.0, 1.0 ] }, "-96_576": { "coord": [ 4.0, 6.0 ], "autotile_index": 0.0, "tileset": "tile_entrance1", "autotile": 1.0 }, "1888_448": { "coord": [ 5.0, 4.0 ], "autotile_index": 0.0, "tileset": "tile_entrance1", "autotile": 1.0 }, "992_448": { "tileset": "tile_entrance1", "coord": [ 5.0, 1.0 ] }, "704_416": { "tileset": "tile_entrance1", "coord": [ 6.0, 2.0 ] }, "1696_576": { "coord": [ 5.0, 6.0 ], "autotile_index": 0.0, "tileset": "tile_entrance1", "autotile": 1.0 }, "1472_544": { "coord": [ 7.0, 5.0 ], "autotile_index": 0.0, "tileset": "tile_entrance1", "autotile": 1.0 }, "224_448": { "tileset": "tile_entrance1", "coord": [ 5.0, 1.0 ] }, "672_160": { "tileset": "tile_entrance1", "coord": [ 4.0, 2.0 ] }, "32_544": { "coord": [ 7.0, 4.0 ], "autotile_index": 0.0, "tileset": "tile_entrance1", "autotile": 1.0 }, "608_576": { "coord": [ 5.0, 6.0 ], "autotile_index": 0.0, "tileset": "tile_entrance1", "autotile": 1.0 } } }, "backgrounds": { "5": { "x": 0.0, "scroll_x": 0.80000000000000004440892098500626, "tile_y": 1.0, "hspeed": 0.5, "scroll_y": 0.0, "panic_sprite": -1.0, "y": 0.0, "sprite": "bg_chateauscrolldeco", "tile_x": 1.0, "vspeed": 0.10000000000000000555111512312578, "image_speed": 15.0 }, "6": { "x": 0.0, "scroll_x": 0.59999999999999997779553950749687, "tile_y": 1.0, "hspeed": 0.0, "scroll_y": 0.0, "panic_sprite": -1.0, "y": 0.0, "sprite": "spr_chateaudarkbg", "tile_x": 1.0, "vspeed": 0.0, "image_speed": 15.0 } }, "properties": { "song": "event:\/music\/w5\/chateau", "roomX": 0.0, "levelWidth": 1824.0, "roomY": 0.0, "levelHeight": 540.0, "songTransitionTime": 100.0 } }