{ "editorVersion": 4.0, "instances": [ { "layer": 0.0, "deleted": 0.0, "variables": { "x": 384.0, "y": 96.0 }, "object": 248.0 }, { "layer": 0.0, "deleted": 0.0, "variables": { "x": 384.0, "y": 352.0, "secret": "true" }, "object": 98.0 } ], "tile_data": { }, "backgrounds": { "5": { "x": 0.0, "scroll_x": 0.69999999999999995559107901499374, "tile_y": 1.0, "hspeed": 1.0, "scroll_y": 0.69999999999999995559107901499374, "y": 0.0, "sprite": "bg_secret", "tile_x": 1.0, "panic_sprite": -1.0, "vspeed": 1.0, "image_speed": 0.0 } }, "properties": { "song": "event:\/music\/w1\/dungeonsecret", "roomX": 0.0, "levelWidth": 960.0, "roomY": 0.0, "levelHeight": 540.0, "songTransitionTime": 100.0 } }