{ "editorVersion": 4.0, "instances": [ { "layer": 0.0, "deleted": 0.0, "variables": { "x": 512.0, "y": 64.0 }, "object": 248.0 }, { "layer": 0.0, "deleted": 0.0, "variables": { "x": 512.0, "y": 320.0, "secret": "true" }, "object": 98.0 }, { "layer": 0.0, "deleted": 0.0, "variables": { "x": 0.0, "y": 0.0, "image_xscale": 11.0, "image_yscale": 17.0, "flipX": 0.0, "flipY": 0.0 }, "object": 517.0 }, { "layer": 0.0, "deleted": 0.0, "variables": { "x": 608.0, "y": 0.0, "image_xscale": 11.0, "image_yscale": 17.0, "flipX": 0.0, "flipY": 0.0 }, "object": 517.0 } ], "tile_data": { "5": { "-96_-64": { "autotile": 1.0, "autotile_index": 1.0, "tileset": "tile_secret", "coord": [ 6.0, 5.0 ] }, "704_-64": { "coord": [ 6.0, 5.0 ], "autotile_index": 1.0, "tileset": "tile_secret", "autotile": 1.0 }, "288_576": { "coord": [ 1.0, 10.0 ], "autotile_index": 1.0, "tileset": "tile_secret", "autotile": 1.0 }, "0_256": { "coord": [ 6.0, 5.0 ], "autotile_index": 1.0, "tileset": "tile_secret", "autotile": 1.0 }, "960_128": { "coord": [ 6.0, 5.0 ], "autotile_index": 1.0, "tileset": "tile_secret", "autotile": 1.0 }, "640_64": { "coord": [ 2.0, 3.0 ], "autotile_index": 1.0, "tileset": "tile_secret", "autotile": 1.0 }, "256_160": { "coord": [ 6.0, 5.0 ], "autotile_index": 1.0, "tileset": "tile_secret", "autotile": 1.0 }, "-32_96": { "coord": [ 6.0, 5.0 ], "autotile_index": 1.0, "tileset": "tile_secret", "autotile": 1.0 }, "992_320": { "coord": [ 6.0, 5.0 ], "autotile_index": 1.0, "tileset": "tile_secret", "autotile": 1.0 }, "224_-64": { "coord": [ 6.0, 5.0 ], "autotile_index": 1.0, "tileset": "tile_secret", "autotile": 1.0 }, "-64_-64": { "coord": [ 6.0, 5.0 ], "autotile_index": 1.0, "tileset": "tile_secret", "autotile": 1.0 }, "928_-32": { "coord": [ 6.0, 5.0 ], "autotile_index": 1.0, "tileset": "tile_secret", "autotile": 1.0 }, "864_384": { "coord": [ 6.0, 5.0 ], "autotile_index": 1.0, "tileset": "tile_secret", "autotile": 1.0 }, "160_320": { "coord": [ 6.0, 5.0 ], "autotile_index": 1.0, "tileset": "tile_secret", "autotile": 1.0 }, "224_480": { "coord": [ 6.0, 5.0 ], "autotile_index": 1.0, "tileset": "tile_secret", "autotile": 1.0 }, "864_0": { "coord": [ 6.0, 5.0 ], "autotile_index": 1.0, "tileset": "tile_secret", "autotile": 1.0 }, "128_96": { "coord": [ 6.0, 5.0 ], "autotile_index": 1.0, "tileset": "tile_secret", "autotile": 1.0 }, "800_64": { "coord": [ 6.0, 5.0 ], "autotile_index": 1.0, "tileset": "tile_secret", "autotile": 1.0 }, "64_544": { "coord": [ 6.0, 5.0 ], "autotile_index": 1.0, "tileset": "tile_secret", "autotile": 1.0 }, "736_128": { "coord": [ 6.0, 5.0 ], "autotile_index": 1.0, "tileset": "tile_secret", "autotile": 1.0 }, "352_-32": { "coord": [ 2.0, 5.0 ], "autotile_index": 1.0, "tileset": "tile_secret", "autotile": 1.0 }, "32_256": { "coord": [ 6.0, 5.0 ], "autotile_index": 1.0, "tileset": "tile_secret", "autotile": 1.0 }, "672_320": { "coord": [ 6.0, 5.0 ], "autotile_index": 1.0, "tileset": "tile_secret", "autotile": 1.0 }, "288_224": { "coord": [ 4.0, 3.0 ], "autotile_index": 1.0, "tileset": "tile_secret", "autotile": 1.0 }, "0_32": { "coord": [ 6.0, 5.0 ], "autotile_index": 1.0, "tileset": "tile_secret", "autotile": 1.0 }, "256_416": { "coord": [ 6.0, 5.0 ], "autotile_index": 1.0, "tileset": "tile_secret", "autotile": 1.0 }, "608_448": { "coord": [ 1.0, 2.0 ], "autotile_index": 1.0, "tileset": "tile_secret", "autotile": 1.0 }, "256_-64": { "coord": [ 6.0, 5.0 ], "autotile_index": 1.0, "tileset": "tile_secret", "autotile": 1.0 }, "-64_544": { "coord": [ 6.0, 5.0 ], "autotile_index": 1.0, "tileset": "tile_secret", "autotile": 1.0 }, "896_224": { "coord": [ 6.0, 5.0 ], "autotile_index": 1.0, "tileset": "tile_secret", "autotile": 1.0 }, "960_544": { "coord": [ 6.0, 5.0 ], "autotile_index": 1.0, "tileset": "tile_secret", "autotile": 1.0 }, "544_576": { "coord": [ 3.0, 2.0 ], "autotile_index": 1.0, "tileset": "tile_secret", "autotile": 1.0 }, "192_320": { "coord": [ 6.0, 5.0 ], "autotile_index": 1.0, "tileset": "tile_secret", "autotile": 1.0 }, "960_192": { "coord": [ 6.0, 5.0 ], "autotile_index": 1.0, "tileset": "tile_secret", "autotile": 1.0 }, "224_512": { "coord": [ 6.0, 5.0 ], "autotile_index": 1.0, "tileset": "tile_secret", "autotile": 1.0 }, "896_352": { "coord": [ 6.0, 5.0 ], "autotile_index": 1.0, "tileset": "tile_secret", "autotile": 1.0 }, "160_96": { "coord": [ 6.0, 5.0 ], "autotile_index": 1.0, "tileset": "tile_secret", "autotile": 1.0 }, "192_512": { "coord": [ 6.0, 5.0 ], "autotile_index": 1.0, "tileset": "tile_secret", "autotile": 1.0 }, "832_192": { "coord": [ 6.0, 5.0 ], "autotile_index": 1.0, "tileset": "tile_secret", "autotile": 1.0 }, "96_544": { "coord": [ 6.0, 5.0 ], "autotile_index": 1.0, "tileset": "tile_secret", "autotile": 1.0 }, "768_320": { "coord": [ 6.0, 5.0 ], "autotile_index": 1.0, "tileset": "tile_secret", "autotile": 1.0 }, "64_256": { "coord": [ 6.0, 5.0 ], "autotile_index": 1.0, "tileset": "tile_secret", "autotile": 1.0 }, "-96_320": { "autotile": 1.0, "autotile_index": 1.0, "tileset": "tile_secret", "coord": [ 6.0, 5.0 ] }, "704_576": { "coord": [ 6.0, 5.0 ], "autotile_index": 1.0, "tileset": "tile_secret", "autotile": 1.0 }, "320_352": { "coord": [ 5.0, 4.0 ], "autotile_index": 1.0, "tileset": "tile_secret", "autotile": 1.0 }, "32_32": { "coord": [ 6.0, 5.0 ], "autotile_index": 1.0, "tileset": "tile_secret", "autotile": 1.0 }, "928_288": { "coord": [ 6.0, 5.0 ], "autotile_index": 1.0, "tileset": "tile_secret", "autotile": 1.0 }, "672_-32": { "coord": [ 6.0, 5.0 ], "autotile_index": 1.0, "tileset": "tile_secret", "autotile": 1.0 }, "288_0": { "coord": [ 4.0, 3.0 ], "autotile_index": 1.0, "tileset": "tile_secret", "autotile": 1.0 }, "-32_480": { "coord": [ 6.0, 5.0 ], "autotile_index": 1.0, "tileset": "tile_secret", "autotile": 1.0 }, "832_320": { "coord": [ 6.0, 5.0 ], "autotile_index": 1.0, "tileset": "tile_secret", "autotile": 1.0 }, "608_96": { "coord": [ 1.0, 2.0 ], "autotile_index": 1.0, "tileset": "tile_secret", "autotile": 1.0 }, "224_320": { "coord": [ 6.0, 5.0 ], "autotile_index": 1.0, "tileset": "tile_secret", "autotile": 1.0 }, "-64_320": { "coord": [ 6.0, 5.0 ], "autotile_index": 1.0, "tileset": "tile_secret", "autotile": 1.0 }, "736_352": { "coord": [ 6.0, 5.0 ], "autotile_index": 1.0, "tileset": "tile_secret", "autotile": 1.0 }, "960_-32": { "coord": [ 6.0, 5.0 ], "autotile_index": 1.0, "tileset": "tile_secret", "autotile": 1.0 }, "192_96": { "coord": [ 6.0, 5.0 ], "autotile_index": 1.0, "tileset": "tile_secret", "autotile": 1.0 }, "896_-32": { "coord": [ 6.0, 5.0 ], "autotile_index": 1.0, "tileset": "tile_secret", "autotile": 1.0 }, "128_544": { "coord": [ 6.0, 5.0 ], "autotile_index": 1.0, "tileset": "tile_secret", "autotile": 1.0 }, "832_480": { "coord": [ 6.0, 5.0 ], "autotile_index": 1.0, "tileset": "tile_secret", "autotile": 1.0 }, "832_-32": { "coord": [ 6.0, 5.0 ], "autotile_index": 1.0, "tileset": "tile_secret", "autotile": 1.0 }, "96_256": { "coord": [ 6.0, 5.0 ], "autotile_index": 1.0, "tileset": "tile_secret", "autotile": 1.0 }, "768_64": { "coord": [ 6.0, 5.0 ], "autotile_index": 1.0, "tileset": "tile_secret", "autotile": 1.0 }, "352_544": { "coord": [ 4.0, 1.0 ], "autotile_index": 1.0, "tileset": "tile_secret", "autotile": 1.0 }, "64_32": { "coord": [ 6.0, 5.0 ], "autotile_index": 1.0, "tileset": "tile_secret", "autotile": 1.0 }, "640_192": { "coord": [ 2.0, 3.0 ], "autotile_index": 1.0, "tileset": "tile_secret", "autotile": 1.0 }, "-96_96": { "autotile": 1.0, "autotile_index": 1.0, "tileset": "tile_secret", "coord": [ 6.0, 5.0 ] }, "704_96": { "coord": [ 6.0, 5.0 ], "autotile_index": 1.0, "tileset": "tile_secret", "autotile": 1.0 }, "320_64": { "coord": [ 5.0, 4.0 ], "autotile_index": 1.0, "tileset": "tile_secret", "autotile": 1.0 }, "0_416": { "coord": [ 6.0, 5.0 ], "autotile_index": 1.0, "tileset": "tile_secret", "autotile": 1.0 }, "640_352": { "coord": [ 2.0, 3.0 ], "autotile_index": 1.0, "tileset": "tile_secret", "autotile": 1.0 }, "256_320": { "coord": [ 6.0, 5.0 ], "autotile_index": 1.0, "tileset": "tile_secret", "autotile": 1.0 }, "-32_256": { "coord": [ 6.0, 5.0 ], "autotile_index": 1.0, "tileset": "tile_secret", "autotile": 1.0 }, "256_448": { "coord": [ 6.0, 5.0 ], "autotile_index": 1.0, "tileset": "tile_secret", "autotile": 1.0 }, "576_544": { "coord": [ 4.0, 1.0 ], "autotile_index": 1.0, "tileset": "tile_secret", "autotile": 1.0 }, "224_96": { "coord": [ 6.0, 5.0 ], "autotile_index": 1.0, "tileset": "tile_secret", "autotile": 1.0 }, "-64_96": { "coord": [ 6.0, 5.0 ], "autotile_index": 1.0, "tileset": "tile_secret", "autotile": 1.0 }, "96_512": { "coord": [ 6.0, 5.0 ], "autotile_index": 1.0, "tileset": "tile_secret", "autotile": 1.0 }, "928_352": { "coord": [ 6.0, 5.0 ], "autotile_index": 1.0, "tileset": "tile_secret", "autotile": 1.0 }, "160_544": { "coord": [ 6.0, 5.0 ], "autotile_index": 1.0, "tileset": "tile_secret", "autotile": 1.0 }, "864_416": { "coord": [ 6.0, 5.0 ], "autotile_index": 1.0, "tileset": "tile_secret", "autotile": 1.0 }, "864_160": { "coord": [ 6.0, 5.0 ], "autotile_index": 1.0, "tileset": "tile_secret", "autotile": 1.0 }, "128_256": { "coord": [ 6.0, 5.0 ], "autotile_index": 1.0, "tileset": "tile_secret", "autotile": 1.0 }, "800_224": { "coord": [ 6.0, 5.0 ], "autotile_index": 1.0, "tileset": "tile_secret", "autotile": 1.0 }, "832_352": { "coord": [ 6.0, 5.0 ], "autotile_index": 1.0, "tileset": "tile_secret", "autotile": 1.0 }, "96_32": { "coord": [ 6.0, 5.0 ], "autotile_index": 1.0, "tileset": "tile_secret", "autotile": 1.0 }, "704_416": { "coord": [ 6.0, 5.0 ], "autotile_index": 1.0, "tileset": "tile_secret", "autotile": 1.0 }, "896_256": { "coord": [ 6.0, 5.0 ], "autotile_index": 1.0, "tileset": "tile_secret", "autotile": 1.0 }, "736_320": { "coord": [ 6.0, 5.0 ], "autotile_index": 1.0, "tileset": "tile_secret", "autotile": 1.0 }, "32_416": { "coord": [ 6.0, 5.0 ], "autotile_index": 1.0, "tileset": "tile_secret", "autotile": 1.0 }, "672_544": { "coord": [ 6.0, 5.0 ], "autotile_index": 1.0, "tileset": "tile_secret", "autotile": 1.0 }, "288_384": { "coord": [ 4.0, 3.0 ], "autotile_index": 1.0, "tileset": "tile_secret", "autotile": 1.0 }, "0_192": { "coord": [ 6.0, 5.0 ], "autotile_index": 1.0, "tileset": "tile_secret", "autotile": 1.0 }, "640_0": { "coord": [ 2.0, 3.0 ], "autotile_index": 1.0, "tileset": "tile_secret", "autotile": 1.0 }, "256_96": { "coord": [ 6.0, 5.0 ], "autotile_index": 1.0, "tileset": "tile_secret", "autotile": 1.0 }, "-32_32": { "coord": [ 6.0, 5.0 ], "autotile_index": 1.0, "tileset": "tile_secret", "autotile": 1.0 }, "736_384": { "coord": [ 6.0, 5.0 ], "autotile_index": 1.0, "tileset": "tile_secret", "autotile": 1.0 }, "992_32": { "coord": [ 6.0, 5.0 ], "autotile_index": 1.0, "tileset": "tile_secret", "autotile": 1.0 }, "192_544": { "coord": [ 6.0, 5.0 ], "autotile_index": 1.0, "tileset": "tile_secret", "autotile": 1.0 }, "896_576": { "coord": [ 6.0, 5.0 ], "autotile_index": 1.0, "tileset": "tile_secret", "autotile": 1.0 }, "96_480": { "coord": [ 6.0, 5.0 ], "autotile_index": 1.0, "tileset": "tile_secret", "autotile": 1.0 }, "160_256": { "coord": [ 6.0, 5.0 ], "autotile_index": 1.0, "tileset": "tile_secret", "autotile": 1.0 }, "960_96": { "coord": [ 6.0, 5.0 ], "autotile_index": 1.0, "tileset": "tile_secret", "autotile": 1.0 }, "896_480": { "coord": [ 6.0, 5.0 ], "autotile_index": 1.0, "tileset": "tile_secret", "autotile": 1.0 }, "864_-64": { "coord": [ 6.0, 5.0 ], "autotile_index": 1.0, "tileset": "tile_secret", "autotile": 1.0 }, "128_32": { "coord": [ 6.0, 5.0 ], "autotile_index": 1.0, "tileset": "tile_secret", "autotile": 1.0 }, "800_0": { "coord": [ 6.0, 5.0 ], "autotile_index": 1.0, "tileset": "tile_secret", "autotile": 1.0 }, "64_416": { "coord": [ 6.0, 5.0 ], "autotile_index": 1.0, "tileset": "tile_secret", "autotile": 1.0 }, "768_256": { "coord": [ 6.0, 5.0 ], "autotile_index": 1.0, "tileset": "tile_secret", "autotile": 1.0 }, "-96_480": { "autotile": 1.0, "autotile_index": 1.0, "tileset": "tile_secret", "coord": [ 6.0, 5.0 ] }, "736_64": { "coord": [ 6.0, 5.0 ], "autotile_index": 1.0, "tileset": "tile_secret", "autotile": 1.0 }, "320_576": { "coord": [ 3.0, 2.0 ], "autotile_index": 1.0, "tileset": "tile_secret", "autotile": 1.0 }, "32_192": { "coord": [ 6.0, 5.0 ], "autotile_index": 1.0, "tileset": "tile_secret", "autotile": 1.0 }, "672_128": { "coord": [ 6.0, 5.0 ], "autotile_index": 1.0, "tileset": "tile_secret", "autotile": 1.0 }, "288_160": { "coord": [ 4.0, 3.0 ], "autotile_index": 1.0, "tileset": "tile_secret", "autotile": 1.0 }, "0_-32": { "coord": [ 6.0, 5.0 ], "autotile_index": 1.0, "tileset": "tile_secret", "autotile": 1.0 }, "608_384": { "coord": [ 1.0, 2.0 ], "autotile_index": 1.0, "tileset": "tile_secret", "autotile": 1.0 }, "224_544": { "coord": [ 6.0, 5.0 ], "autotile_index": 1.0, "tileset": "tile_secret", "autotile": 1.0 }, "-64_480": { "coord": [ 6.0, 5.0 ], "autotile_index": 1.0, "tileset": "tile_secret", "autotile": 1.0 }, "64_512": { "coord": [ 6.0, 5.0 ], "autotile_index": 1.0, "tileset": "tile_secret", "autotile": 1.0 }, "960_352": { "coord": [ 6.0, 5.0 ], "autotile_index": 1.0, "tileset": "tile_secret", "autotile": 1.0 }, "192_256": { "coord": [ 6.0, 5.0 ], "autotile_index": 1.0, "tileset": "tile_secret", "autotile": 1.0 }, "992_480": { "coord": [ 6.0, 5.0 ], "autotile_index": 1.0, "tileset": "tile_secret", "autotile": 1.0 }, "800_512": { "coord": [ 6.0, 5.0 ], "autotile_index": 1.0, "tileset": "tile_secret", "autotile": 1.0 }, "896_288": { "coord": [ 6.0, 5.0 ], "autotile_index": 1.0, "tileset": "tile_secret", "autotile": 1.0 }, "160_32": { "coord": [ 6.0, 5.0 ], "autotile_index": 1.0, "tileset": "tile_secret", "autotile": 1.0 }, "192_480": { "coord": [ 6.0, 5.0 ], "autotile_index": 1.0, "tileset": "tile_secret", "autotile": 1.0 }, "832_128": { "coord": [ 6.0, 5.0 ], "autotile_index": 1.0, "tileset": "tile_secret", "autotile": 1.0 }, "96_416": { "coord": [ 6.0, 5.0 ], "autotile_index": 1.0, "tileset": "tile_secret", "autotile": 1.0 }, "768_224": { "coord": [ 6.0, 5.0 ], "autotile_index": 1.0, "tileset": "tile_secret", "autotile": 1.0 }, "64_192": { "coord": [ 6.0, 5.0 ], "autotile_index": 1.0, "tileset": "tile_secret", "autotile": 1.0 }, "-96_256": { "autotile": 1.0, "autotile_index": 1.0, "tileset": "tile_secret", "coord": [ 6.0, 5.0 ] }, "704_448": { "coord": [ 6.0, 5.0 ], "autotile_index": 1.0, "tileset": "tile_secret", "autotile": 1.0 }, "320_288": { "coord": [ 5.0, 4.0 ], "autotile_index": 1.0, "tileset": "tile_secret", "autotile": 1.0 }, "32_-32": { "coord": [ 6.0, 5.0 ], "autotile_index": 1.0, "tileset": "tile_secret", "autotile": 1.0 }, "640_160": { "coord": [ 2.0, 3.0 ], "autotile_index": 1.0, "tileset": "tile_secret", "autotile": 1.0 }, "896_160": { "coord": [ 6.0, 5.0 ], "autotile_index": 1.0, "tileset": "tile_secret", "autotile": 1.0 }, "640_576": { "coord": [ 5.0, 10.0 ], "autotile_index": 1.0, "tileset": "tile_secret", "autotile": 1.0 }, "288_-64": { "coord": [ 1.0, 6.0 ], "autotile_index": 1.0, "tileset": "tile_secret", "autotile": 1.0 }, "-32_416": { "coord": [ 6.0, 5.0 ], "autotile_index": 1.0, "tileset": "tile_secret", "autotile": 1.0 }, "608_32": { "coord": [ 1.0, 2.0 ], "autotile_index": 1.0, "tileset": "tile_secret", "autotile": 1.0 }, "224_256": { "coord": [ 6.0, 5.0 ], "autotile_index": 1.0, "tileset": "tile_secret", "autotile": 1.0 }, "-64_256": { "coord": [ 6.0, 5.0 ], "autotile_index": 1.0, "tileset": "tile_secret", "autotile": 1.0 }, "704_256": { "coord": [ 6.0, 5.0 ], "autotile_index": 1.0, "tileset": "tile_secret", "autotile": 1.0 }, "928_576": { "coord": [ 6.0, 5.0 ], "autotile_index": 1.0, "tileset": "tile_secret", "autotile": 1.0 }, "192_32": { "coord": [ 6.0, 5.0 ], "autotile_index": 1.0, "tileset": "tile_secret", "autotile": 1.0 }, "672_256": { "coord": [ 6.0, 5.0 ], "autotile_index": 1.0, "tileset": "tile_secret", "autotile": 1.0 }, "864_576": { "coord": [ 6.0, 5.0 ], "autotile_index": 1.0, "tileset": "tile_secret", "autotile": 1.0 }, "0_480": { "coord": [ 6.0, 5.0 ], "autotile_index": 1.0, "tileset": "tile_secret", "autotile": 1.0 }, "128_416": { "coord": [ 6.0, 5.0 ], "autotile_index": 1.0, "tileset": "tile_secret", "autotile": 1.0 }, "800_576": { "coord": [ 6.0, 5.0 ], "autotile_index": 1.0, "tileset": "tile_secret", "autotile": 1.0 }, "160_480": { "coord": [ 6.0, 5.0 ], "autotile_index": 1.0, "tileset": "tile_secret", "autotile": 1.0 }, "96_192": { "coord": [ 6.0, 5.0 ], "autotile_index": 1.0, "tileset": "tile_secret", "autotile": 1.0 }, "768_0": { "coord": [ 6.0, 5.0 ], "autotile_index": 1.0, "tileset": "tile_secret", "autotile": 1.0 }, "64_-32": { "coord": [ 6.0, 5.0 ], "autotile_index": 1.0, "tileset": "tile_secret", "autotile": 1.0 }, "960_448": { "coord": [ 6.0, 5.0 ], "autotile_index": 1.0, "tileset": "tile_secret", "autotile": 1.0 }, "-96_32": { "autotile": 1.0, "autotile_index": 1.0, "tileset": "tile_secret", "coord": [ 6.0, 5.0 ] }, "704_32": { "coord": [ 6.0, 5.0 ], "autotile_index": 1.0, "tileset": "tile_secret", "autotile": 1.0 }, "320_0": { "coord": [ 5.0, 4.0 ], "autotile_index": 1.0, "tileset": "tile_secret", "autotile": 1.0 }, "0_352": { "coord": [ 6.0, 5.0 ], "autotile_index": 1.0, "tileset": "tile_secret", "autotile": 1.0 }, "640_288": { "coord": [ 2.0, 3.0 ], "autotile_index": 1.0, "tileset": "tile_secret", "autotile": 1.0 }, "256_256": { "coord": [ 6.0, 5.0 ], "autotile_index": 1.0, "tileset": "tile_secret", "autotile": 1.0 }, "-32_192": { "coord": [ 6.0, 5.0 ], "autotile_index": 1.0, "tileset": "tile_secret", "autotile": 1.0 }, "992_544": { "coord": [ 6.0, 5.0 ], "autotile_index": 1.0, "tileset": "tile_secret", "autotile": 1.0 }, "640_480": { "coord": [ 2.0, 3.0 ], "autotile_index": 1.0, "tileset": "tile_secret", "autotile": 1.0 }, "224_32": { "coord": [ 6.0, 5.0 ], "autotile_index": 1.0, "tileset": "tile_secret", "autotile": 1.0 }, "-64_32": { "coord": [ 6.0, 5.0 ], "autotile_index": 1.0, "tileset": "tile_secret", "autotile": 1.0 }, "320_480": { "coord": [ 5.0, 4.0 ], "autotile_index": 1.0, "tileset": "tile_secret", "autotile": 1.0 }, "928_64": { "coord": [ 6.0, 5.0 ], "autotile_index": 1.0, "tileset": "tile_secret", "autotile": 1.0 }, "160_416": { "coord": [ 6.0, 5.0 ], "autotile_index": 1.0, "tileset": "tile_secret", "autotile": 1.0 }, "768_384": { "coord": [ 6.0, 5.0 ], "autotile_index": 1.0, "tileset": "tile_secret", "autotile": 1.0 }, "864_96": { "coord": [ 6.0, 5.0 ], "autotile_index": 1.0, "tileset": "tile_secret", "autotile": 1.0 }, "128_192": { "coord": [ 6.0, 5.0 ], "autotile_index": 1.0, "tileset": "tile_secret", "autotile": 1.0 }, "0_512": { "coord": [ 6.0, 5.0 ], "autotile_index": 1.0, "tileset": "tile_secret", "autotile": 1.0 }, "800_160": { "coord": [ 6.0, 5.0 ], "autotile_index": 1.0, "tileset": "tile_secret", "autotile": 1.0 }, "96_-32": { "coord": [ 6.0, 5.0 ], "autotile_index": 1.0, "tileset": "tile_secret", "autotile": 1.0 }, "992_96": { "coord": [ 6.0, 5.0 ], "autotile_index": 1.0, "tileset": "tile_secret", "autotile": 1.0 }, "736_224": { "coord": [ 6.0, 5.0 ], "autotile_index": 1.0, "tileset": "tile_secret", "autotile": 1.0 }, "32_352": { "coord": [ 6.0, 5.0 ], "autotile_index": 1.0, "tileset": "tile_secret", "autotile": 1.0 }, "672_416": { "coord": [ 6.0, 5.0 ], "autotile_index": 1.0, "tileset": "tile_secret", "autotile": 1.0 }, "288_320": { "coord": [ 4.0, 3.0 ], "autotile_index": 1.0, "tileset": "tile_secret", "autotile": 1.0 }, "0_128": { "coord": [ 6.0, 5.0 ], "autotile_index": 1.0, "tileset": "tile_secret", "autotile": 1.0 }, "640_-64": { "coord": [ 5.0, 6.0 ], "autotile_index": 1.0, "tileset": "tile_secret", "autotile": 1.0 }, "256_32": { "coord": [ 6.0, 5.0 ], "autotile_index": 1.0, "tileset": "tile_secret", "autotile": 1.0 }, "-32_-32": { "coord": [ 6.0, 5.0 ], "autotile_index": 1.0, "tileset": "tile_secret", "autotile": 1.0 }, "992_-32": { "coord": [ 6.0, 5.0 ], "autotile_index": 1.0, "tileset": "tile_secret", "autotile": 1.0 }, "192_416": { "coord": [ 6.0, 5.0 ], "autotile_index": 1.0, "tileset": "tile_secret", "autotile": 1.0 }, "896_448": { "coord": [ 6.0, 5.0 ], "autotile_index": 1.0, "tileset": "tile_secret", "autotile": 1.0 }, "800_352": { "coord": [ 6.0, 5.0 ], "autotile_index": 1.0, "tileset": "tile_secret", "autotile": 1.0 }, "160_192": { "coord": [ 6.0, 5.0 ], "autotile_index": 1.0, "tileset": "tile_secret", "autotile": 1.0 }, "832_544": { "coord": [ 6.0, 5.0 ], "autotile_index": 1.0, "tileset": "tile_secret", "autotile": 1.0 }, "128_-32": { "coord": [ 6.0, 5.0 ], "autotile_index": 1.0, "tileset": "tile_secret", "autotile": 1.0 }, "800_-64": { "coord": [ 6.0, 5.0 ], "autotile_index": 1.0, "tileset": "tile_secret", "autotile": 1.0 }, "64_352": { "coord": [ 6.0, 5.0 ], "autotile_index": 1.0, "tileset": "tile_secret", "autotile": 1.0 }, "-96_416": { "autotile": 1.0, "autotile_index": 1.0, "tileset": "tile_secret", "coord": [ 6.0, 5.0 ] }, "736_0": { "coord": [ 6.0, 5.0 ], "autotile_index": 1.0, "tileset": "tile_secret", "autotile": 1.0 }, "320_448": { "coord": [ 5.0, 4.0 ], "autotile_index": 1.0, "tileset": "tile_secret", "autotile": 1.0 }, "32_128": { "coord": [ 6.0, 5.0 ], "autotile_index": 1.0, "tileset": "tile_secret", "autotile": 1.0 }, "672_64": { "coord": [ 6.0, 5.0 ], "autotile_index": 1.0, "tileset": "tile_secret", "autotile": 1.0 }, "288_96": { "coord": [ 4.0, 3.0 ], "autotile_index": 1.0, "tileset": "tile_secret", "autotile": 1.0 }, "-32_576": { "coord": [ 6.0, 5.0 ], "autotile_index": 1.0, "tileset": "tile_secret", "autotile": 1.0 }, "704_160": { "coord": [ 6.0, 5.0 ], "autotile_index": 1.0, "tileset": "tile_secret", "autotile": 1.0 }, "608_320": { "coord": [ 1.0, 2.0 ], "autotile_index": 1.0, "tileset": "tile_secret", "autotile": 1.0 }, "224_416": { "coord": [ 6.0, 5.0 ], "autotile_index": 1.0, "tileset": "tile_secret", "autotile": 1.0 }, "-64_416": { "coord": [ 6.0, 5.0 ], "autotile_index": 1.0, "tileset": "tile_secret", "autotile": 1.0 }, "64_480": { "coord": [ 6.0, 5.0 ], "autotile_index": 1.0, "tileset": "tile_secret", "autotile": 1.0 }, "960_64": { "coord": [ 6.0, 5.0 ], "autotile_index": 1.0, "tileset": "tile_secret", "autotile": 1.0 }, "192_192": { "coord": [ 6.0, 5.0 ], "autotile_index": 1.0, "tileset": "tile_secret", "autotile": 1.0 }, "32_480": { "coord": [ 6.0, 5.0 ], "autotile_index": 1.0, "tileset": "tile_secret", "autotile": 1.0 }, "896_64": { "coord": [ 6.0, 5.0 ], "autotile_index": 1.0, "tileset": "tile_secret", "autotile": 1.0 }, "160_-32": { "coord": [ 6.0, 5.0 ], "autotile_index": 1.0, "tileset": "tile_secret", "autotile": 1.0 }, "160_512": { "coord": [ 6.0, 5.0 ], "autotile_index": 1.0, "tileset": "tile_secret", "autotile": 1.0 }, "832_64": { "coord": [ 6.0, 5.0 ], "autotile_index": 1.0, "tileset": "tile_secret", "autotile": 1.0 }, "96_352": { "coord": [ 6.0, 5.0 ], "autotile_index": 1.0, "tileset": "tile_secret", "autotile": 1.0 }, "608_256": { "coord": [ 1.0, 2.0 ], "autotile_index": 1.0, "tileset": "tile_secret", "autotile": 1.0 }, "768_160": { "coord": [ 6.0, 5.0 ], "autotile_index": 1.0, "tileset": "tile_secret", "autotile": 1.0 }, "384_-32": { "coord": [ 2.0, 5.0 ], "autotile_index": 1.0, "tileset": "tile_secret", "autotile": 1.0 }, "64_128": { "coord": [ 6.0, 5.0 ], "autotile_index": 1.0, "tileset": "tile_secret", "autotile": 1.0 }, "992_192": { "coord": [ 6.0, 5.0 ], "autotile_index": 1.0, "tileset": "tile_secret", "autotile": 1.0 }, "704_320": { "coord": [ 6.0, 5.0 ], "autotile_index": 1.0, "tileset": "tile_secret", "autotile": 1.0 }, "320_160": { "coord": [ 5.0, 4.0 ], "autotile_index": 1.0, "tileset": "tile_secret", "autotile": 1.0 }, "0_576": { "coord": [ 6.0, 5.0 ], "autotile_index": 1.0, "tileset": "tile_secret", "autotile": 1.0 }, "640_448": { "coord": [ 2.0, 3.0 ], "autotile_index": 1.0, "tileset": "tile_secret", "autotile": 1.0 }, "256_544": { "coord": [ 6.0, 5.0 ], "autotile_index": 1.0, "tileset": "tile_secret", "autotile": 1.0 }, "-32_352": { "coord": [ 6.0, 5.0 ], "autotile_index": 1.0, "tileset": "tile_secret", "autotile": 1.0 }, "896_192": { "coord": [ 6.0, 5.0 ], "autotile_index": 1.0, "tileset": "tile_secret", "autotile": 1.0 }, "608_-32": { "coord": [ 4.0, 7.0 ], "autotile_index": 1.0, "tileset": "tile_secret", "autotile": 1.0 }, "224_192": { "coord": [ 6.0, 5.0 ], "autotile_index": 1.0, "tileset": "tile_secret", "autotile": 1.0 }, "-64_192": { "coord": [ 6.0, 5.0 ], "autotile_index": 1.0, "tileset": "tile_secret", "autotile": 1.0 }, "928_192": { "coord": [ 6.0, 5.0 ], "autotile_index": 1.0, "tileset": "tile_secret", "autotile": 1.0 }, "640_512": { "coord": [ 2.0, 3.0 ], "autotile_index": 1.0, "tileset": "tile_secret", "autotile": 1.0 }, "928_448": { "coord": [ 6.0, 5.0 ], "autotile_index": 1.0, "tileset": "tile_secret", "autotile": 1.0 }, "544_-32": { "coord": [ 2.0, 5.0 ], "autotile_index": 1.0, "tileset": "tile_secret", "autotile": 1.0 }, "192_-32": { "coord": [ 6.0, 5.0 ], "autotile_index": 1.0, "tileset": "tile_secret", "autotile": 1.0 }, "800_480": { "coord": [ 6.0, 5.0 ], "autotile_index": 1.0, "tileset": "tile_secret", "autotile": 1.0 }, "864_256": { "coord": [ 6.0, 5.0 ], "autotile_index": 1.0, "tileset": "tile_secret", "autotile": 1.0 }, "128_352": { "coord": [ 6.0, 5.0 ], "autotile_index": 1.0, "tileset": "tile_secret", "autotile": 1.0 }, "256_480": { "coord": [ 6.0, 5.0 ], "autotile_index": 1.0, "tileset": "tile_secret", "autotile": 1.0 }, "800_320": { "coord": [ 6.0, 5.0 ], "autotile_index": 1.0, "tileset": "tile_secret", "autotile": 1.0 }, "96_128": { "coord": [ 6.0, 5.0 ], "autotile_index": 1.0, "tileset": "tile_secret", "autotile": 1.0 }, "768_-64": { "coord": [ 6.0, 5.0 ], "autotile_index": 1.0, "tileset": "tile_secret", "autotile": 1.0 }, "32_576": { "coord": [ 6.0, 5.0 ], "autotile_index": 1.0, "tileset": "tile_secret", "autotile": 1.0 }, "992_416": { "coord": [ 6.0, 5.0 ], "autotile_index": 1.0, "tileset": "tile_secret", "autotile": 1.0 }, "320_256": { "coord": [ 5.0, 4.0 ], "autotile_index": 1.0, "tileset": "tile_secret", "autotile": 1.0 }, "-96_-32": { "autotile": 1.0, "autotile_index": 1.0, "tileset": "tile_secret", "coord": [ 6.0, 5.0 ] }, "704_-32": { "coord": [ 6.0, 5.0 ], "autotile_index": 1.0, "tileset": "tile_secret", "autotile": 1.0 }, "320_-64": { "coord": [ 3.0, 4.0 ], "autotile_index": 1.0, "tileset": "tile_secret", "autotile": 1.0 }, "0_288": { "coord": [ 6.0, 5.0 ], "autotile_index": 1.0, "tileset": "tile_secret", "autotile": 1.0 }, "992_448": { "coord": [ 6.0, 5.0 ], "autotile_index": 1.0, "tileset": "tile_secret", "autotile": 1.0 }, "640_96": { "coord": [ 2.0, 3.0 ], "autotile_index": 1.0, "tileset": "tile_secret", "autotile": 1.0 }, "256_192": { "coord": [ 6.0, 5.0 ], "autotile_index": 1.0, "tileset": "tile_secret", "autotile": 1.0 }, "-32_128": { "coord": [ 6.0, 5.0 ], "autotile_index": 1.0, "tileset": "tile_secret", "autotile": 1.0 }, "672_224": { "coord": [ 6.0, 5.0 ], "autotile_index": 1.0, "tileset": "tile_secret", "autotile": 1.0 }, "800_448": { "coord": [ 6.0, 5.0 ], "autotile_index": 1.0, "tileset": "tile_secret", "autotile": 1.0 }, "992_352": { "coord": [ 6.0, 5.0 ], "autotile_index": 1.0, "tileset": "tile_secret", "autotile": 1.0 }, "224_-32": { "coord": [ 6.0, 5.0 ], "autotile_index": 1.0, "tileset": "tile_secret", "autotile": 1.0 }, "-64_-32": { "coord": [ 6.0, 5.0 ], "autotile_index": 1.0, "tileset": "tile_secret", "autotile": 1.0 }, "736_416": { "coord": [ 6.0, 5.0 ], "autotile_index": 1.0, "tileset": "tile_secret", "autotile": 1.0 }, "928_0": { "coord": [ 6.0, 5.0 ], "autotile_index": 1.0, "tileset": "tile_secret", "autotile": 1.0 }, "160_352": { "coord": [ 6.0, 5.0 ], "autotile_index": 1.0, "tileset": "tile_secret", "autotile": 1.0 }, "768_512": { "coord": [ 6.0, 5.0 ], "autotile_index": 1.0, "tileset": "tile_secret", "autotile": 1.0 }, "864_32": { "coord": [ 6.0, 5.0 ], "autotile_index": 1.0, "tileset": "tile_secret", "autotile": 1.0 }, "128_128": { "coord": [ 6.0, 5.0 ], "autotile_index": 1.0, "tileset": "tile_secret", "autotile": 1.0 }, "800_96": { "coord": [ 6.0, 5.0 ], "autotile_index": 1.0, "tileset": "tile_secret", "autotile": 1.0 }, "384_544": { "coord": [ 4.0, 1.0 ], "autotile_index": 1.0, "tileset": "tile_secret", "autotile": 1.0 }, "64_576": { "coord": [ 6.0, 5.0 ], "autotile_index": 1.0, "tileset": "tile_secret", "autotile": 1.0 }, "736_160": { "coord": [ 6.0, 5.0 ], "autotile_index": 1.0, "tileset": "tile_secret", "autotile": 1.0 }, "32_288": { "coord": [ 6.0, 5.0 ], "autotile_index": 1.0, "tileset": "tile_secret", "autotile": 1.0 }, "960_416": { "coord": [ 6.0, 5.0 ], "autotile_index": 1.0, "tileset": "tile_secret", "autotile": 1.0 }, "672_352": { "coord": [ 6.0, 5.0 ], "autotile_index": 1.0, "tileset": "tile_secret", "autotile": 1.0 }, "288_256": { "coord": [ 4.0, 3.0 ], "autotile_index": 1.0, "tileset": "tile_secret", "autotile": 1.0 }, "0_64": { "coord": [ 6.0, 5.0 ], "autotile_index": 1.0, "tileset": "tile_secret", "autotile": 1.0 }, "704_192": { "coord": [ 6.0, 5.0 ], "autotile_index": 1.0, "tileset": "tile_secret", "autotile": 1.0 }, "608_544": { "coord": [ 4.0, 9.0 ], "autotile_index": 1.0, "tileset": "tile_secret", "autotile": 1.0 }, "256_-32": { "coord": [ 6.0, 5.0 ], "autotile_index": 1.0, "tileset": "tile_secret", "autotile": 1.0 }, "-64_576": { "coord": [ 6.0, 5.0 ], "autotile_index": 1.0, "tileset": "tile_secret", "autotile": 1.0 }, "960_576": { "coord": [ 6.0, 5.0 ], "autotile_index": 1.0, "tileset": "tile_secret", "autotile": 1.0 }, "704_480": { "coord": [ 6.0, 5.0 ], "autotile_index": 1.0, "tileset": "tile_secret", "autotile": 1.0 }, "576_-64": { "coord": [ 3.0, 4.0 ], "autotile_index": 1.0, "tileset": "tile_secret", "autotile": 1.0 }, "192_352": { "coord": [ 6.0, 5.0 ], "autotile_index": 1.0, "tileset": "tile_secret", "autotile": 1.0 }, "736_448": { "coord": [ 6.0, 5.0 ], "autotile_index": 1.0, "tileset": "tile_secret", "autotile": 1.0 }, "896_384": { "coord": [ 6.0, 5.0 ], "autotile_index": 1.0, "tileset": "tile_secret", "autotile": 1.0 }, "160_128": { "coord": [ 6.0, 5.0 ], "autotile_index": 1.0, "tileset": "tile_secret", "autotile": 1.0 }, "736_512": { "coord": [ 6.0, 5.0 ], "autotile_index": 1.0, "tileset": "tile_secret", "autotile": 1.0 }, "832_224": { "coord": [ 6.0, 5.0 ], "autotile_index": 1.0, "tileset": "tile_secret", "autotile": 1.0 }, "96_576": { "coord": [ 6.0, 5.0 ], "autotile_index": 1.0, "tileset": "tile_secret", "autotile": 1.0 }, "768_544": { "coord": [ 6.0, 5.0 ], "autotile_index": 1.0, "tileset": "tile_secret", "autotile": 1.0 }, "64_288": { "coord": [ 6.0, 5.0 ], "autotile_index": 1.0, "tileset": "tile_secret", "autotile": 1.0 }, "-96_352": { "autotile": 1.0, "autotile_index": 1.0, "tileset": "tile_secret", "coord": [ 6.0, 5.0 ] }, "736_-64": { "coord": [ 6.0, 5.0 ], "autotile_index": 1.0, "tileset": "tile_secret", "autotile": 1.0 }, "320_384": { "coord": [ 5.0, 4.0 ], "autotile_index": 1.0, "tileset": "tile_secret", "autotile": 1.0 }, "32_64": { "coord": [ 6.0, 5.0 ], "autotile_index": 1.0, "tileset": "tile_secret", "autotile": 1.0 }, "672_0": { "coord": [ 6.0, 5.0 ], "autotile_index": 1.0, "tileset": "tile_secret", "autotile": 1.0 }, "288_32": { "coord": [ 4.0, 3.0 ], "autotile_index": 1.0, "tileset": "tile_secret", "autotile": 1.0 }, "-32_512": { "coord": [ 6.0, 5.0 ], "autotile_index": 1.0, "tileset": "tile_secret", "autotile": 1.0 }, "288_416": { "coord": [ 4.0, 3.0 ], "autotile_index": 1.0, "tileset": "tile_secret", "autotile": 1.0 }, "608_128": { "coord": [ 1.0, 2.0 ], "autotile_index": 1.0, "tileset": "tile_secret", "autotile": 1.0 }, "224_352": { "coord": [ 6.0, 5.0 ], "autotile_index": 1.0, "tileset": "tile_secret", "autotile": 1.0 }, "-64_352": { "coord": [ 6.0, 5.0 ], "autotile_index": 1.0, "tileset": "tile_secret", "autotile": 1.0 }, "768_352": { "coord": [ 6.0, 5.0 ], "autotile_index": 1.0, "tileset": "tile_secret", "autotile": 1.0 }, "960_0": { "coord": [ 6.0, 5.0 ], "autotile_index": 1.0, "tileset": "tile_secret", "autotile": 1.0 }, "192_128": { "coord": [ 6.0, 5.0 ], "autotile_index": 1.0, "tileset": "tile_secret", "autotile": 1.0 }, "32_512": { "coord": [ 6.0, 5.0 ], "autotile_index": 1.0, "tileset": "tile_secret", "autotile": 1.0 }, "896_0": { "coord": [ 6.0, 5.0 ], "autotile_index": 1.0, "tileset": "tile_secret", "autotile": 1.0 }, "128_576": { "coord": [ 6.0, 5.0 ], "autotile_index": 1.0, "tileset": "tile_secret", "autotile": 1.0 }, "832_0": { "coord": [ 6.0, 5.0 ], "autotile_index": 1.0, "tileset": "tile_secret", "autotile": 1.0 }, "96_288": { "coord": [ 6.0, 5.0 ], "autotile_index": 1.0, "tileset": "tile_secret", "autotile": 1.0 }, "928_160": { "coord": [ 6.0, 5.0 ], "autotile_index": 1.0, "tileset": "tile_secret", "autotile": 1.0 }, "768_96": { "coord": [ 6.0, 5.0 ], "autotile_index": 1.0, "tileset": "tile_secret", "autotile": 1.0 }, "352_576": { "coord": [ 3.0, 2.0 ], "autotile_index": 1.0, "tileset": "tile_secret", "autotile": 1.0 }, "64_64": { "coord": [ 6.0, 5.0 ], "autotile_index": 1.0, "tileset": "tile_secret", "autotile": 1.0 }, "704_128": { "coord": [ 6.0, 5.0 ], "autotile_index": 1.0, "tileset": "tile_secret", "autotile": 1.0 }, "320_96": { "coord": [ 5.0, 4.0 ], "autotile_index": 1.0, "tileset": "tile_secret", "autotile": 1.0 }, "0_448": { "coord": [ 6.0, 5.0 ], "autotile_index": 1.0, "tileset": "tile_secret", "autotile": 1.0 }, "992_512": { "coord": [ 6.0, 5.0 ], "autotile_index": 1.0, "tileset": "tile_secret", "autotile": 1.0 }, "640_384": { "coord": [ 2.0, 3.0 ], "autotile_index": 1.0, "tileset": "tile_secret", "autotile": 1.0 }, "256_352": { "coord": [ 6.0, 5.0 ], "autotile_index": 1.0, "tileset": "tile_secret", "autotile": 1.0 }, "-32_288": { "coord": [ 6.0, 5.0 ], "autotile_index": 1.0, "tileset": "tile_secret", "autotile": 1.0 }, "864_320": { "coord": [ 6.0, 5.0 ], "autotile_index": 1.0, "tileset": "tile_secret", "autotile": 1.0 }, "576_576": { "coord": [ 3.0, 2.0 ], "autotile_index": 1.0, "tileset": "tile_secret", "autotile": 1.0 }, "224_128": { "coord": [ 6.0, 5.0 ], "autotile_index": 1.0, "tileset": "tile_secret", "autotile": 1.0 }, "-64_128": { "coord": [ 6.0, 5.0 ], "autotile_index": 1.0, "tileset": "tile_secret", "autotile": 1.0 }, "928_384": { "coord": [ 6.0, 5.0 ], "autotile_index": 1.0, "tileset": "tile_secret", "autotile": 1.0 }, "160_576": { "coord": [ 6.0, 5.0 ], "autotile_index": 1.0, "tileset": "tile_secret", "autotile": 1.0 }, "768_480": { "coord": [ 6.0, 5.0 ], "autotile_index": 1.0, "tileset": "tile_secret", "autotile": 1.0 }, "864_192": { "coord": [ 6.0, 5.0 ], "autotile_index": 1.0, "tileset": "tile_secret", "autotile": 1.0 }, "128_288": { "coord": [ 6.0, 5.0 ], "autotile_index": 1.0, "tileset": "tile_secret", "autotile": 1.0 }, "960_480": { "coord": [ 6.0, 5.0 ], "autotile_index": 1.0, "tileset": "tile_secret", "autotile": 1.0 }, "608_512": { "coord": [ 1.0, 2.0 ], "autotile_index": 1.0, "tileset": "tile_secret", "autotile": 1.0 }, "800_256": { "coord": [ 6.0, 5.0 ], "autotile_index": 1.0, "tileset": "tile_secret", "autotile": 1.0 }, "96_64": { "coord": [ 6.0, 5.0 ], "autotile_index": 1.0, "tileset": "tile_secret", "autotile": 1.0 }, "736_544": { "coord": [ 6.0, 5.0 ], "autotile_index": 1.0, "tileset": "tile_secret", "autotile": 1.0 }, "32_448": { "coord": [ 6.0, 5.0 ], "autotile_index": 1.0, "tileset": "tile_secret", "autotile": 1.0 }, "672_576": { "coord": [ 6.0, 5.0 ], "autotile_index": 1.0, "tileset": "tile_secret", "autotile": 1.0 }, "288_544": { "coord": [ 4.0, 3.0 ], "autotile_index": 1.0, "tileset": "tile_secret", "autotile": 1.0 }, "0_224": { "coord": [ 6.0, 5.0 ], "autotile_index": 1.0, "tileset": "tile_secret", "autotile": 1.0 }, "640_32": { "coord": [ 2.0, 3.0 ], "autotile_index": 1.0, "tileset": "tile_secret", "autotile": 1.0 }, "256_128": { "coord": [ 6.0, 5.0 ], "autotile_index": 1.0, "tileset": "tile_secret", "autotile": 1.0 }, "-32_64": { "coord": [ 6.0, 5.0 ], "autotile_index": 1.0, "tileset": "tile_secret", "autotile": 1.0 }, "960_224": { "coord": [ 6.0, 5.0 ], "autotile_index": 1.0, "tileset": "tile_secret", "autotile": 1.0 }, "128_480": { "coord": [ 6.0, 5.0 ], "autotile_index": 1.0, "tileset": "tile_secret", "autotile": 1.0 }, "992_64": { "coord": [ 6.0, 5.0 ], "autotile_index": 1.0, "tileset": "tile_secret", "autotile": 1.0 }, "192_576": { "coord": [ 6.0, 5.0 ], "autotile_index": 1.0, "tileset": "tile_secret", "autotile": 1.0 }, "736_256": { "coord": [ 6.0, 5.0 ], "autotile_index": 1.0, "tileset": "tile_secret", "autotile": 1.0 }, "928_512": { "coord": [ 6.0, 5.0 ], "autotile_index": 1.0, "tileset": "tile_secret", "autotile": 1.0 }, "928_-64": { "coord": [ 6.0, 5.0 ], "autotile_index": 1.0, "tileset": "tile_secret", "autotile": 1.0 }, "160_288": { "coord": [ 6.0, 5.0 ], "autotile_index": 1.0, "tileset": "tile_secret", "autotile": 1.0 }, "640_224": { "coord": [ 2.0, 3.0 ], "autotile_index": 1.0, "tileset": "tile_secret", "autotile": 1.0 }, "288_480": { "coord": [ 4.0, 3.0 ], "autotile_index": 1.0, "tileset": "tile_secret", "autotile": 1.0 }, "864_-32": { "coord": [ 6.0, 5.0 ], "autotile_index": 1.0, "tileset": "tile_secret", "autotile": 1.0 }, "128_64": { "coord": [ 6.0, 5.0 ], "autotile_index": 1.0, "tileset": "tile_secret", "autotile": 1.0 }, "800_32": { "coord": [ 6.0, 5.0 ], "autotile_index": 1.0, "tileset": "tile_secret", "autotile": 1.0 }, "64_448": { "coord": [ 6.0, 5.0 ], "autotile_index": 1.0, "tileset": "tile_secret", "autotile": 1.0 }, "672_192": { "coord": [ 6.0, 5.0 ], "autotile_index": 1.0, "tileset": "tile_secret", "autotile": 1.0 }, "736_96": { "coord": [ 6.0, 5.0 ], "autotile_index": 1.0, "tileset": "tile_secret", "autotile": 1.0 }, "352_-64": { "coord": [ 3.0, 4.0 ], "autotile_index": 1.0, "tileset": "tile_secret", "autotile": 1.0 }, "32_224": { "coord": [ 6.0, 5.0 ], "autotile_index": 1.0, "tileset": "tile_secret", "autotile": 1.0 }, "672_288": { "coord": [ 6.0, 5.0 ], "autotile_index": 1.0, "tileset": "tile_secret", "autotile": 1.0 }, "288_192": { "coord": [ 4.0, 3.0 ], "autotile_index": 1.0, "tileset": "tile_secret", "autotile": 1.0 }, "0_0": { "coord": [ 6.0, 5.0 ], "autotile_index": 1.0, "tileset": "tile_secret", "autotile": 1.0 }, "608_416": { "coord": [ 1.0, 2.0 ], "autotile_index": 1.0, "tileset": "tile_secret", "autotile": 1.0 }, "224_576": { "coord": [ 6.0, 5.0 ], "autotile_index": 1.0, "tileset": "tile_secret", "autotile": 1.0 }, "-64_512": { "coord": [ 6.0, 5.0 ], "autotile_index": 1.0, "tileset": "tile_secret", "autotile": 1.0 }, "928_480": { "coord": [ 6.0, 5.0 ], "autotile_index": 1.0, "tileset": "tile_secret", "autotile": 1.0 }, "960_384": { "coord": [ 6.0, 5.0 ], "autotile_index": 1.0, "tileset": "tile_secret", "autotile": 1.0 }, "544_544": { "coord": [ 4.0, 1.0 ], "autotile_index": 1.0, "tileset": "tile_secret", "autotile": 1.0 }, "192_288": { "coord": [ 6.0, 5.0 ], "autotile_index": 1.0, "tileset": "tile_secret", "autotile": 1.0 }, "864_352": { "coord": [ 6.0, 5.0 ], "autotile_index": 1.0, "tileset": "tile_secret", "autotile": 1.0 }, "896_320": { "coord": [ 6.0, 5.0 ], "autotile_index": 1.0, "tileset": "tile_secret", "autotile": 1.0 }, "160_64": { "coord": [ 6.0, 5.0 ], "autotile_index": 1.0, "tileset": "tile_secret", "autotile": 1.0 }, "320_224": { "coord": [ 5.0, 4.0 ], "autotile_index": 1.0, "tileset": "tile_secret", "autotile": 1.0 }, "832_160": { "coord": [ 6.0, 5.0 ], "autotile_index": 1.0, "tileset": "tile_secret", "autotile": 1.0 }, "96_448": { "coord": [ 6.0, 5.0 ], "autotile_index": 1.0, "tileset": "tile_secret", "autotile": 1.0 }, "768_288": { "coord": [ 6.0, 5.0 ], "autotile_index": 1.0, "tileset": "tile_secret", "autotile": 1.0 }, "64_224": { "coord": [ 6.0, 5.0 ], "autotile_index": 1.0, "tileset": "tile_secret", "autotile": 1.0 }, "-96_288": { "autotile": 1.0, "autotile_index": 1.0, "tileset": "tile_secret", "coord": [ 6.0, 5.0 ] }, "704_544": { "coord": [ 6.0, 5.0 ], "autotile_index": 1.0, "tileset": "tile_secret", "autotile": 1.0 }, "320_320": { "coord": [ 5.0, 4.0 ], "autotile_index": 1.0, "tileset": "tile_secret", "autotile": 1.0 }, "32_0": { "coord": [ 6.0, 5.0 ], "autotile_index": 1.0, "tileset": "tile_secret", "autotile": 1.0 }, "672_160": { "coord": [ 6.0, 5.0 ], "autotile_index": 1.0, "tileset": "tile_secret", "autotile": 1.0 }, "960_512": { "coord": [ 6.0, 5.0 ], "autotile_index": 1.0, "tileset": "tile_secret", "autotile": 1.0 }, "672_-64": { "coord": [ 6.0, 5.0 ], "autotile_index": 1.0, "tileset": "tile_secret", "autotile": 1.0 }, "288_-32": { "coord": [ 4.0, 3.0 ], "autotile_index": 1.0, "tileset": "tile_secret", "autotile": 1.0 }, "-32_448": { "coord": [ 6.0, 5.0 ], "autotile_index": 1.0, "tileset": "tile_secret", "autotile": 1.0 }, "288_448": { "coord": [ 4.0, 3.0 ], "autotile_index": 1.0, "tileset": "tile_secret", "autotile": 1.0 }, "608_64": { "coord": [ 1.0, 2.0 ], "autotile_index": 1.0, "tileset": "tile_secret", "autotile": 1.0 }, "224_288": { "coord": [ 6.0, 5.0 ], "autotile_index": 1.0, "tileset": "tile_secret", "autotile": 1.0 }, "-64_288": { "coord": [ 6.0, 5.0 ], "autotile_index": 1.0, "tileset": "tile_secret", "autotile": 1.0 }, "896_512": { "coord": [ 6.0, 5.0 ], "autotile_index": 1.0, "tileset": "tile_secret", "autotile": 1.0 }, "960_-64": { "coord": [ 6.0, 5.0 ], "autotile_index": 1.0, "tileset": "tile_secret", "autotile": 1.0 }, "192_64": { "coord": [ 6.0, 5.0 ], "autotile_index": 1.0, "tileset": "tile_secret", "autotile": 1.0 }, "320_512": { "coord": [ 5.0, 4.0 ], "autotile_index": 1.0, "tileset": "tile_secret", "autotile": 1.0 }, "896_-64": { "coord": [ 6.0, 5.0 ], "autotile_index": 1.0, "tileset": "tile_secret", "autotile": 1.0 }, "128_448": { "coord": [ 6.0, 5.0 ], "autotile_index": 1.0, "tileset": "tile_secret", "autotile": 1.0 }, "672_480": { "coord": [ 6.0, 5.0 ], "autotile_index": 1.0, "tileset": "tile_secret", "autotile": 1.0 }, "832_-64": { "coord": [ 6.0, 5.0 ], "autotile_index": 1.0, "tileset": "tile_secret", "autotile": 1.0 }, "96_224": { "coord": [ 6.0, 5.0 ], "autotile_index": 1.0, "tileset": "tile_secret", "autotile": 1.0 }, "768_32": { "coord": [ 6.0, 5.0 ], "autotile_index": 1.0, "tileset": "tile_secret", "autotile": 1.0 }, "64_0": { "coord": [ 6.0, 5.0 ], "autotile_index": 1.0, "tileset": "tile_secret", "autotile": 1.0 }, "-96_64": { "autotile": 1.0, "autotile_index": 1.0, "tileset": "tile_secret", "coord": [ 6.0, 5.0 ] }, "704_64": { "coord": [ 6.0, 5.0 ], "autotile_index": 1.0, "tileset": "tile_secret", "autotile": 1.0 }, "320_32": { "coord": [ 5.0, 4.0 ], "autotile_index": 1.0, "tileset": "tile_secret", "autotile": 1.0 }, "0_384": { "coord": [ 6.0, 5.0 ], "autotile_index": 1.0, "tileset": "tile_secret", "autotile": 1.0 }, "640_320": { "coord": [ 2.0, 3.0 ], "autotile_index": 1.0, "tileset": "tile_secret", "autotile": 1.0 }, "256_288": { "coord": [ 6.0, 5.0 ], "autotile_index": 1.0, "tileset": "tile_secret", "autotile": 1.0 }, "-32_224": { "coord": [ 6.0, 5.0 ], "autotile_index": 1.0, "tileset": "tile_secret", "autotile": 1.0 }, "992_128": { "coord": [ 6.0, 5.0 ], "autotile_index": 1.0, "tileset": "tile_secret", "autotile": 1.0 }, "992_576": { "coord": [ 6.0, 5.0 ], "autotile_index": 1.0, "tileset": "tile_secret", "autotile": 1.0 }, "224_64": { "coord": [ 6.0, 5.0 ], "autotile_index": 1.0, "tileset": "tile_secret", "autotile": 1.0 }, "-64_64": { "coord": [ 6.0, 5.0 ], "autotile_index": 1.0, "tileset": "tile_secret", "autotile": 1.0 }, "928_224": { "coord": [ 6.0, 5.0 ], "autotile_index": 1.0, "tileset": "tile_secret", "autotile": 1.0 }, "832_512": { "coord": [ 6.0, 5.0 ], "autotile_index": 1.0, "tileset": "tile_secret", "autotile": 1.0 }, "928_320": { "coord": [ 6.0, 5.0 ], "autotile_index": 1.0, "tileset": "tile_secret", "autotile": 1.0 }, "160_448": { "coord": [ 6.0, 5.0 ], "autotile_index": 1.0, "tileset": "tile_secret", "autotile": 1.0 }, "768_416": { "coord": [ 6.0, 5.0 ], "autotile_index": 1.0, "tileset": "tile_secret", "autotile": 1.0 }, "864_128": { "coord": [ 6.0, 5.0 ], "autotile_index": 1.0, "tileset": "tile_secret", "autotile": 1.0 }, "128_224": { "coord": [ 6.0, 5.0 ], "autotile_index": 1.0, "tileset": "tile_secret", "autotile": 1.0 }, "832_416": { "coord": [ 6.0, 5.0 ], "autotile_index": 1.0, "tileset": "tile_secret", "autotile": 1.0 }, "800_192": { "coord": [ 6.0, 5.0 ], "autotile_index": 1.0, "tileset": "tile_secret", "autotile": 1.0 }, "96_0": { "coord": [ 6.0, 5.0 ], "autotile_index": 1.0, "tileset": "tile_secret", "autotile": 1.0 }, "704_384": { "coord": [ 6.0, 5.0 ], "autotile_index": 1.0, "tileset": "tile_secret", "autotile": 1.0 }, "736_288": { "coord": [ 6.0, 5.0 ], "autotile_index": 1.0, "tileset": "tile_secret", "autotile": 1.0 }, "32_384": { "coord": [ 6.0, 5.0 ], "autotile_index": 1.0, "tileset": "tile_secret", "autotile": 1.0 }, "672_448": { "coord": [ 6.0, 5.0 ], "autotile_index": 1.0, "tileset": "tile_secret", "autotile": 1.0 }, "288_352": { "coord": [ 4.0, 3.0 ], "autotile_index": 1.0, "tileset": "tile_secret", "autotile": 1.0 }, "0_160": { "coord": [ 6.0, 5.0 ], "autotile_index": 1.0, "tileset": "tile_secret", "autotile": 1.0 }, "640_-32": { "coord": [ 2.0, 3.0 ], "autotile_index": 1.0, "tileset": "tile_secret", "autotile": 1.0 }, "256_64": { "coord": [ 6.0, 5.0 ], "autotile_index": 1.0, "tileset": "tile_secret", "autotile": 1.0 }, "-32_0": { "coord": [ 6.0, 5.0 ], "autotile_index": 1.0, "tileset": "tile_secret", "autotile": 1.0 }, "928_256": { "coord": [ 6.0, 5.0 ], "autotile_index": 1.0, "tileset": "tile_secret", "autotile": 1.0 }, "128_512": { "coord": [ 6.0, 5.0 ], "autotile_index": 1.0, "tileset": "tile_secret", "autotile": 1.0 }, "992_0": { "coord": [ 6.0, 5.0 ], "autotile_index": 1.0, "tileset": "tile_secret", "autotile": 1.0 }, "192_448": { "coord": [ 6.0, 5.0 ], "autotile_index": 1.0, "tileset": "tile_secret", "autotile": 1.0 }, "896_544": { "coord": [ 6.0, 5.0 ], "autotile_index": 1.0, "tileset": "tile_secret", "autotile": 1.0 }, "160_224": { "coord": [ 6.0, 5.0 ], "autotile_index": 1.0, "tileset": "tile_secret", "autotile": 1.0 }, "832_576": { "coord": [ 6.0, 5.0 ], "autotile_index": 1.0, "tileset": "tile_secret", "autotile": 1.0 }, "256_512": { "coord": [ 6.0, 5.0 ], "autotile_index": 1.0, "tileset": "tile_secret", "autotile": 1.0 }, "128_0": { "coord": [ 6.0, 5.0 ], "autotile_index": 1.0, "tileset": "tile_secret", "autotile": 1.0 }, "800_-32": { "coord": [ 6.0, 5.0 ], "autotile_index": 1.0, "tileset": "tile_secret", "autotile": 1.0 }, "64_384": { "coord": [ 6.0, 5.0 ], "autotile_index": 1.0, "tileset": "tile_secret", "autotile": 1.0 }, "960_256": { "coord": [ 6.0, 5.0 ], "autotile_index": 1.0, "tileset": "tile_secret", "autotile": 1.0 }, "-96_448": { "autotile": 1.0, "autotile_index": 1.0, "tileset": "tile_secret", "coord": [ 6.0, 5.0 ] }, "704_224": { "coord": [ 6.0, 5.0 ], "autotile_index": 1.0, "tileset": "tile_secret", "autotile": 1.0 }, "736_32": { "coord": [ 6.0, 5.0 ], "autotile_index": 1.0, "tileset": "tile_secret", "autotile": 1.0 }, "320_544": { "coord": [ 2.0, 9.0 ], "autotile_index": 1.0, "tileset": "tile_secret", "autotile": 1.0 }, "32_160": { "coord": [ 6.0, 5.0 ], "autotile_index": 1.0, "tileset": "tile_secret", "autotile": 1.0 }, "928_128": { "coord": [ 6.0, 5.0 ], "autotile_index": 1.0, "tileset": "tile_secret", "autotile": 1.0 }, "992_288": { "coord": [ 6.0, 5.0 ], "autotile_index": 1.0, "tileset": "tile_secret", "autotile": 1.0 }, "672_96": { "coord": [ 6.0, 5.0 ], "autotile_index": 1.0, "tileset": "tile_secret", "autotile": 1.0 }, "288_128": { "coord": [ 4.0, 3.0 ], "autotile_index": 1.0, "tileset": "tile_secret", "autotile": 1.0 }, "0_-64": { "coord": [ 6.0, 5.0 ], "autotile_index": 1.0, "tileset": "tile_secret", "autotile": 1.0 }, "608_352": { "coord": [ 1.0, 2.0 ], "autotile_index": 1.0, "tileset": "tile_secret", "autotile": 1.0 }, "224_448": { "coord": [ 6.0, 5.0 ], "autotile_index": 1.0, "tileset": "tile_secret", "autotile": 1.0 }, "-64_448": { "coord": [ 6.0, 5.0 ], "autotile_index": 1.0, "tileset": "tile_secret", "autotile": 1.0 }, "960_320": { "coord": [ 6.0, 5.0 ], "autotile_index": 1.0, "tileset": "tile_secret", "autotile": 1.0 }, "192_224": { "coord": [ 6.0, 5.0 ], "autotile_index": 1.0, "tileset": "tile_secret", "autotile": 1.0 }, "736_480": { "coord": [ 6.0, 5.0 ], "autotile_index": 1.0, "tileset": "tile_secret", "autotile": 1.0 }, "896_96": { "coord": [ 6.0, 5.0 ], "autotile_index": 1.0, "tileset": "tile_secret", "autotile": 1.0 }, "160_0": { "coord": [ 6.0, 5.0 ], "autotile_index": 1.0, "tileset": "tile_secret", "autotile": 1.0 }, "832_96": { "coord": [ 6.0, 5.0 ], "autotile_index": 1.0, "tileset": "tile_secret", "autotile": 1.0 }, "96_384": { "coord": [ 6.0, 5.0 ], "autotile_index": 1.0, "tileset": "tile_secret", "autotile": 1.0 }, "768_192": { "coord": [ 6.0, 5.0 ], "autotile_index": 1.0, "tileset": "tile_secret", "autotile": 1.0 }, "64_160": { "coord": [ 6.0, 5.0 ], "autotile_index": 1.0, "tileset": "tile_secret", "autotile": 1.0 }, "-96_224": { "autotile": 1.0, "autotile_index": 1.0, "tileset": "tile_secret", "coord": [ 6.0, 5.0 ] }, "704_352": { "coord": [ 6.0, 5.0 ], "autotile_index": 1.0, "tileset": "tile_secret", "autotile": 1.0 }, "320_192": { "coord": [ 5.0, 4.0 ], "autotile_index": 1.0, "tileset": "tile_secret", "autotile": 1.0 }, "32_-64": { "coord": [ 6.0, 5.0 ], "autotile_index": 1.0, "tileset": "tile_secret", "autotile": 1.0 }, "608_160": { "coord": [ 1.0, 2.0 ], "autotile_index": 1.0, "tileset": "tile_secret", "autotile": 1.0 }, "640_544": { "coord": [ 2.0, 3.0 ], "autotile_index": 1.0, "tileset": "tile_secret", "autotile": 1.0 }, "256_576": { "coord": [ 6.0, 5.0 ], "autotile_index": 1.0, "tileset": "tile_secret", "autotile": 1.0 }, "-32_384": { "coord": [ 6.0, 5.0 ], "autotile_index": 1.0, "tileset": "tile_secret", "autotile": 1.0 }, "832_288": { "coord": [ 6.0, 5.0 ], "autotile_index": 1.0, "tileset": "tile_secret", "autotile": 1.0 }, "608_0": { "coord": [ 1.0, 2.0 ], "autotile_index": 1.0, "tileset": "tile_secret", "autotile": 1.0 }, "224_224": { "coord": [ 6.0, 5.0 ], "autotile_index": 1.0, "tileset": "tile_secret", "autotile": 1.0 }, "-64_224": { "coord": [ 6.0, 5.0 ], "autotile_index": 1.0, "tileset": "tile_secret", "autotile": 1.0 }, "608_480": { "coord": [ 1.0, 2.0 ], "autotile_index": 1.0, "tileset": "tile_secret", "autotile": 1.0 }, "928_544": { "coord": [ 6.0, 5.0 ], "autotile_index": 1.0, "tileset": "tile_secret", "autotile": 1.0 }, "192_0": { "coord": [ 6.0, 5.0 ], "autotile_index": 1.0, "tileset": "tile_secret", "autotile": 1.0 }, "864_544": { "coord": [ 6.0, 5.0 ], "autotile_index": 1.0, "tileset": "tile_secret", "autotile": 1.0 }, "800_416": { "coord": [ 6.0, 5.0 ], "autotile_index": 1.0, "tileset": "tile_secret", "autotile": 1.0 }, "128_384": { "coord": [ 6.0, 5.0 ], "autotile_index": 1.0, "tileset": "tile_secret", "autotile": 1.0 }, "608_224": { "coord": [ 1.0, 2.0 ], "autotile_index": 1.0, "tileset": "tile_secret", "autotile": 1.0 }, "800_544": { "coord": [ 6.0, 5.0 ], "autotile_index": 1.0, "tileset": "tile_secret", "autotile": 1.0 }, "800_384": { "coord": [ 6.0, 5.0 ], "autotile_index": 1.0, "tileset": "tile_secret", "autotile": 1.0 }, "96_160": { "coord": [ 6.0, 5.0 ], "autotile_index": 1.0, "tileset": "tile_secret", "autotile": 1.0 }, "768_-32": { "coord": [ 6.0, 5.0 ], "autotile_index": 1.0, "tileset": "tile_secret", "autotile": 1.0 }, "64_-64": { "coord": [ 6.0, 5.0 ], "autotile_index": 1.0, "tileset": "tile_secret", "autotile": 1.0 }, "896_128": { "coord": [ 6.0, 5.0 ], "autotile_index": 1.0, "tileset": "tile_secret", "autotile": 1.0 }, "-96_0": { "autotile": 1.0, "autotile_index": 1.0, "tileset": "tile_secret", "coord": [ 6.0, 5.0 ] }, "704_0": { "coord": [ 6.0, 5.0 ], "autotile_index": 1.0, "tileset": "tile_secret", "autotile": 1.0 }, "320_-32": { "coord": [ 2.0, 7.0 ], "autotile_index": 1.0, "tileset": "tile_secret", "autotile": 1.0 }, "0_320": { "coord": [ 6.0, 5.0 ], "autotile_index": 1.0, "tileset": "tile_secret", "autotile": 1.0 }, "640_128": { "coord": [ 2.0, 3.0 ], "autotile_index": 1.0, "tileset": "tile_secret", "autotile": 1.0 }, "256_224": { "coord": [ 6.0, 5.0 ], "autotile_index": 1.0, "tileset": "tile_secret", "autotile": 1.0 }, "-32_160": { "coord": [ 6.0, 5.0 ], "autotile_index": 1.0, "tileset": "tile_secret", "autotile": 1.0 }, "992_384": { "coord": [ 6.0, 5.0 ], "autotile_index": 1.0, "tileset": "tile_secret", "autotile": 1.0 }, "224_0": { "coord": [ 6.0, 5.0 ], "autotile_index": 1.0, "tileset": "tile_secret", "autotile": 1.0 }, "-64_0": { "coord": [ 6.0, 5.0 ], "autotile_index": 1.0, "tileset": "tile_secret", "autotile": 1.0 }, "704_512": { "coord": [ 6.0, 5.0 ], "autotile_index": 1.0, "tileset": "tile_secret", "autotile": 1.0 }, "928_32": { "coord": [ 6.0, 5.0 ], "autotile_index": 1.0, "tileset": "tile_secret", "autotile": 1.0 }, "160_384": { "coord": [ 6.0, 5.0 ], "autotile_index": 1.0, "tileset": "tile_secret", "autotile": 1.0 }, "864_64": { "coord": [ 6.0, 5.0 ], "autotile_index": 1.0, "tileset": "tile_secret", "autotile": 1.0 }, "128_160": { "coord": [ 6.0, 5.0 ], "autotile_index": 1.0, "tileset": "tile_secret", "autotile": 1.0 }, "960_160": { "coord": [ 6.0, 5.0 ], "autotile_index": 1.0, "tileset": "tile_secret", "autotile": 1.0 }, "832_448": { "coord": [ 6.0, 5.0 ], "autotile_index": 1.0, "tileset": "tile_secret", "autotile": 1.0 }, "800_128": { "coord": [ 6.0, 5.0 ], "autotile_index": 1.0, "tileset": "tile_secret", "autotile": 1.0 }, "384_576": { "coord": [ 3.0, 2.0 ], "autotile_index": 1.0, "tileset": "tile_secret", "autotile": 1.0 }, "96_-64": { "coord": [ 6.0, 5.0 ], "autotile_index": 1.0, "tileset": "tile_secret", "autotile": 1.0 }, "736_192": { "coord": [ 6.0, 5.0 ], "autotile_index": 1.0, "tileset": "tile_secret", "autotile": 1.0 }, "32_320": { "coord": [ 6.0, 5.0 ], "autotile_index": 1.0, "tileset": "tile_secret", "autotile": 1.0 }, "608_192": { "coord": [ 1.0, 2.0 ], "autotile_index": 1.0, "tileset": "tile_secret", "autotile": 1.0 }, "672_384": { "coord": [ 6.0, 5.0 ], "autotile_index": 1.0, "tileset": "tile_secret", "autotile": 1.0 }, "288_288": { "coord": [ 4.0, 3.0 ], "autotile_index": 1.0, "tileset": "tile_secret", "autotile": 1.0 }, "0_96": { "coord": [ 6.0, 5.0 ], "autotile_index": 1.0, "tileset": "tile_secret", "autotile": 1.0 }, "608_576": { "coord": [ 3.0, 2.0 ], "autotile_index": 1.0, "tileset": "tile_secret", "autotile": 1.0 }, "256_0": { "coord": [ 6.0, 5.0 ], "autotile_index": 1.0, "tileset": "tile_secret", "autotile": 1.0 }, "-32_-64": { "coord": [ 6.0, 5.0 ], "autotile_index": 1.0, "tileset": "tile_secret", "autotile": 1.0 }, "960_288": { "coord": [ 6.0, 5.0 ], "autotile_index": 1.0, "tileset": "tile_secret", "autotile": 1.0 }, "864_512": { "coord": [ 6.0, 5.0 ], "autotile_index": 1.0, "tileset": "tile_secret", "autotile": 1.0 }, "992_-64": { "coord": [ 6.0, 5.0 ], "autotile_index": 1.0, "tileset": "tile_secret", "autotile": 1.0 }, "576_-32": { "coord": [ 2.0, 5.0 ], "autotile_index": 1.0, "tileset": "tile_secret", "autotile": 1.0 }, "192_384": { "coord": [ 6.0, 5.0 ], "autotile_index": 1.0, "tileset": "tile_secret", "autotile": 1.0 }, "896_416": { "coord": [ 6.0, 5.0 ], "autotile_index": 1.0, "tileset": "tile_secret", "autotile": 1.0 }, "160_160": { "coord": [ 6.0, 5.0 ], "autotile_index": 1.0, "tileset": "tile_secret", "autotile": 1.0 }, "768_448": { "coord": [ 6.0, 5.0 ], "autotile_index": 1.0, "tileset": "tile_secret", "autotile": 1.0 }, "832_256": { "coord": [ 6.0, 5.0 ], "autotile_index": 1.0, "tileset": "tile_secret", "autotile": 1.0 }, "128_-64": { "coord": [ 6.0, 5.0 ], "autotile_index": 1.0, "tileset": "tile_secret", "autotile": 1.0 }, "768_576": { "coord": [ 6.0, 5.0 ], "autotile_index": 1.0, "tileset": "tile_secret", "autotile": 1.0 }, "64_320": { "coord": [ 6.0, 5.0 ], "autotile_index": 1.0, "tileset": "tile_secret", "autotile": 1.0 }, "-96_384": { "autotile": 1.0, "autotile_index": 1.0, "tileset": "tile_secret", "coord": [ 6.0, 5.0 ] }, "736_-32": { "coord": [ 6.0, 5.0 ], "autotile_index": 1.0, "tileset": "tile_secret", "autotile": 1.0 }, "320_416": { "coord": [ 5.0, 4.0 ], "autotile_index": 1.0, "tileset": "tile_secret", "autotile": 1.0 }, "32_96": { "coord": [ 6.0, 5.0 ], "autotile_index": 1.0, "tileset": "tile_secret", "autotile": 1.0 }, "672_32": { "coord": [ 6.0, 5.0 ], "autotile_index": 1.0, "tileset": "tile_secret", "autotile": 1.0 }, "288_64": { "coord": [ 4.0, 3.0 ], "autotile_index": 1.0, "tileset": "tile_secret", "autotile": 1.0 }, "-32_544": { "coord": [ 6.0, 5.0 ], "autotile_index": 1.0, "tileset": "tile_secret", "autotile": 1.0 }, "992_224": { "coord": [ 6.0, 5.0 ], "autotile_index": 1.0, "tileset": "tile_secret", "autotile": 1.0 }, "864_288": { "coord": [ 6.0, 5.0 ], "autotile_index": 1.0, "tileset": "tile_secret", "autotile": 1.0 }, "608_288": { "coord": [ 1.0, 2.0 ], "autotile_index": 1.0, "tileset": "tile_secret", "autotile": 1.0 }, "224_384": { "coord": [ 6.0, 5.0 ], "autotile_index": 1.0, "tileset": "tile_secret", "autotile": 1.0 }, "-64_384": { "coord": [ 6.0, 5.0 ], "autotile_index": 1.0, "tileset": "tile_secret", "autotile": 1.0 }, "960_32": { "coord": [ 6.0, 5.0 ], "autotile_index": 1.0, "tileset": "tile_secret", "autotile": 1.0 }, "192_160": { "coord": [ 6.0, 5.0 ], "autotile_index": 1.0, "tileset": "tile_secret", "autotile": 1.0 }, "864_480": { "coord": [ 6.0, 5.0 ], "autotile_index": 1.0, "tileset": "tile_secret", "autotile": 1.0 }, "896_32": { "coord": [ 6.0, 5.0 ], "autotile_index": 1.0, "tileset": "tile_secret", "autotile": 1.0 }, "160_-64": { "coord": [ 6.0, 5.0 ], "autotile_index": 1.0, "tileset": "tile_secret", "autotile": 1.0 }, "672_512": { "coord": [ 6.0, 5.0 ], "autotile_index": 1.0, "tileset": "tile_secret", "autotile": 1.0 }, "832_32": { "coord": [ 6.0, 5.0 ], "autotile_index": 1.0, "tileset": "tile_secret", "autotile": 1.0 }, "96_320": { "coord": [ 6.0, 5.0 ], "autotile_index": 1.0, "tileset": "tile_secret", "autotile": 1.0 }, "768_128": { "coord": [ 6.0, 5.0 ], "autotile_index": 1.0, "tileset": "tile_secret", "autotile": 1.0 }, "384_-64": { "coord": [ 3.0, 4.0 ], "autotile_index": 1.0, "tileset": "tile_secret", "autotile": 1.0 }, "64_96": { "coord": [ 6.0, 5.0 ], "autotile_index": 1.0, "tileset": "tile_secret", "autotile": 1.0 }, "992_160": { "coord": [ 6.0, 5.0 ], "autotile_index": 1.0, "tileset": "tile_secret", "autotile": 1.0 }, "992_256": { "coord": [ 6.0, 5.0 ], "autotile_index": 1.0, "tileset": "tile_secret", "autotile": 1.0 }, "704_288": { "coord": [ 6.0, 5.0 ], "autotile_index": 1.0, "tileset": "tile_secret", "autotile": 1.0 }, "320_128": { "coord": [ 5.0, 4.0 ], "autotile_index": 1.0, "tileset": "tile_secret", "autotile": 1.0 }, "0_544": { "coord": [ 6.0, 5.0 ], "autotile_index": 1.0, "tileset": "tile_secret", "autotile": 1.0 }, "640_256": { "coord": [ 2.0, 3.0 ], "autotile_index": 1.0, "tileset": "tile_secret", "autotile": 1.0 }, "640_416": { "coord": [ 2.0, 3.0 ], "autotile_index": 1.0, "tileset": "tile_secret", "autotile": 1.0 }, "256_384": { "coord": [ 6.0, 5.0 ], "autotile_index": 1.0, "tileset": "tile_secret", "autotile": 1.0 }, "-32_320": { "coord": [ 6.0, 5.0 ], "autotile_index": 1.0, "tileset": "tile_secret", "autotile": 1.0 }, "608_-64": { "coord": [ 3.0, 4.0 ], "autotile_index": 1.0, "tileset": "tile_secret", "autotile": 1.0 }, "224_160": { "coord": [ 6.0, 5.0 ], "autotile_index": 1.0, "tileset": "tile_secret", "autotile": 1.0 }, "-64_160": { "coord": [ 6.0, 5.0 ], "autotile_index": 1.0, "tileset": "tile_secret", "autotile": 1.0 }, "928_416": { "coord": [ 6.0, 5.0 ], "autotile_index": 1.0, "tileset": "tile_secret", "autotile": 1.0 }, "288_512": { "coord": [ 4.0, 3.0 ], "autotile_index": 1.0, "tileset": "tile_secret", "autotile": 1.0 }, "544_-64": { "coord": [ 3.0, 4.0 ], "autotile_index": 1.0, "tileset": "tile_secret", "autotile": 1.0 }, "192_-64": { "coord": [ 6.0, 5.0 ], "autotile_index": 1.0, "tileset": "tile_secret", "autotile": 1.0 }, "928_96": { "coord": [ 6.0, 5.0 ], "autotile_index": 1.0, "tileset": "tile_secret", "autotile": 1.0 }, "832_384": { "coord": [ 6.0, 5.0 ], "autotile_index": 1.0, "tileset": "tile_secret", "autotile": 1.0 }, "864_224": { "coord": [ 6.0, 5.0 ], "autotile_index": 1.0, "tileset": "tile_secret", "autotile": 1.0 }, "128_320": { "coord": [ 6.0, 5.0 ], "autotile_index": 1.0, "tileset": "tile_secret", "autotile": 1.0 }, "864_448": { "coord": [ 6.0, 5.0 ], "autotile_index": 1.0, "tileset": "tile_secret", "autotile": 1.0 }, "800_288": { "coord": [ 6.0, 5.0 ], "autotile_index": 1.0, "tileset": "tile_secret", "autotile": 1.0 }, "96_96": { "coord": [ 6.0, 5.0 ], "autotile_index": 1.0, "tileset": "tile_secret", "autotile": 1.0 }, "736_576": { "coord": [ 6.0, 5.0 ], "autotile_index": 1.0, "tileset": "tile_secret", "autotile": 1.0 }, "32_544": { "coord": [ 6.0, 5.0 ], "autotile_index": 1.0, "tileset": "tile_secret", "autotile": 1.0 } } }, "backgrounds": { "5": { "x": 0.0, "scroll_x": 0.69999999999999995559107901499374, "tile_y": 1.0, "hspeed": 1.0, "scroll_y": 0.69999999999999995559107901499374, "y": 0.0, "sprite": "bg_secret", "tile_x": 1.0, "panic_sprite": -1.0, "vspeed": 1.0, "image_speed": 0.0 } }, "properties": { "song": "event:\/music\/w1\/medievalsecret", "roomX": 0.0, "levelWidth": 960.0, "roomY": 0.0, "levelHeight": 540.0, "songTransitionTime": 100.0 } }