{ "editorVersion": 4.0, "instances": [ { "layer": 0.0, "deleted": 0.0, "variables": { "x": 0.0, "y": 448.0, "image_xscale": 23.0, "image_yscale": 6.0 }, "object": 517.0 }, { "layer": 0.0, "deleted": 0.0, "variables": { "x": 832.0, "y": 448.0, "image_xscale": 4.0, "image_yscale": 6.0, "flipX": 0.0, "flipY": 0.0 }, "object": 517.0 }, { "layer": 0.0, "deleted": 0.0, "variables": { "x": 64.0, "y": 416.0 }, "object": 804.0 }, { "layer": 1.0, "deleted": 0.0, "variables": { "x": 96.0, "y": 320.0, "image_xscale": 1.0, "image_yscale": 1.0 }, "object": 770.0 }, { "layer": 0.0, "deleted": 0.0, "variables": { "x": 454.0, "y": 304.0, "bgsprite": "castle_doorBG", "image_xscale": 1.0, "image_yscale": 1.0, "sprite_index": "castle_door", "levelName": "level_2" }, "object": 799.0 }, { "layer": 0.0, "deleted": 0.0, "variables": { "x": -32.0, "y": -32.0, "image_xscale": 1.0, "image_yscale": 18.0, "flipX": 0.0, "flipY": 0.0 }, "object": 517.0 }, { "layer": 0.0, "deleted": 0.0, "variables": { "x": 0.0, "y": -32.0, "image_xscale": 30.0, "image_yscale": 1.0, "flipX": 0.0, "flipY": 0.0 }, "object": 517.0 }, { "layer": 0.0, "deleted": 0.0, "variables": { "x": 960.0, "y": -32.0, "image_xscale": 1.0, "image_yscale": 19.0, "flipX": 0.0, "flipY": 0.0 }, "object": 517.0 }, { "layer": 0.0, "deleted": 0.0, "variables": { "x": 736.0, "y": 608.0, "targetRoom": "room1", "image_xscale": 3.0, "image_yscale": 1.0, "flipX": 0.0, "flipY": 0.0, "targetDoor": "B" }, "object": 801.0 }, { "layer": 0.0, "deleted": 0.0, "variables": { "x": 768.0, "flipX": 0.0, "y": 512.0, "flipY": 0.0 }, "object": 805.0 }, { "layer": 0.0, "deleted": 0.0, "variables": { "x": 640.0, "flipX": 0.0, "y": 352.0, "flipY": 0.0, "level": "level_2" }, "object": 257.0 } ], "tile_data": { "5": { "576_448": { "tileset": "tile_tower", "coord": [ 5.0, 4.0 ] }, "896_512": { "tileset": "tile_tower", "coord": [ 7.0, 7.0 ] }, "640_448": { "tileset": "tile_tower", "coord": [ 5.0, 4.0 ] }, "288_512": { "tileset": "tile_tower", "coord": [ 7.0, 7.0 ] }, "96_448": { "tileset": "tile_tower", "coord": [ 5.0, 4.0 ] }, "224_512": { "tileset": "tile_tower", "coord": [ 7.0, 7.0 ] }, "192_512": { "tileset": "tile_tower", "coord": [ 7.0, 7.0 ] }, "928_480": { "tileset": "tile_tower", "coord": [ 5.0, 5.0 ] }, "928_512": { "tileset": "tile_tower", "coord": [ 7.0, 7.0 ] }, "544_480": { "tileset": "tile_tower", "coord": [ 5.0, 5.0 ] }, "608_480": { "tileset": "tile_tower", "coord": [ 5.0, 5.0 ] }, "32_512": { "tileset": "tile_tower", "coord": [ 7.0, 7.0 ] }, "320_480": { "tileset": "tile_tower", "coord": [ 5.0, 5.0 ] }, "128_448": { "tileset": "tile_tower", "coord": [ 5.0, 4.0 ] }, "64_512": { "tileset": "tile_tower", "coord": [ 7.0, 7.0 ] }, "192_480": { "tileset": "tile_tower", "coord": [ 5.0, 5.0 ] }, "672_512": { "autotile": 1.0, "autotile_index": 0.0, "tileset": "tile_tower", "coord": [ 5.0, 6.0 ] }, "96_480": { "tileset": "tile_tower", "coord": [ 5.0, 5.0 ] }, "352_448": { "tileset": "tile_tower", "coord": [ 5.0, 4.0 ] }, "832_448": { "autotile": 1.0, "autotile_index": 0.0, "tileset": "tile_tower", "coord": [ 4.0, 4.0 ] }, "896_448": { "tileset": "tile_tower", "coord": [ 5.0, 4.0 ] }, "704_480": { "autotile": 1.0, "autotile_index": 0.0, "tileset": "tile_tower", "coord": [ 6.0, 5.0 ] }, "672_-128": { "tileset": "tile_ruin", "coord": [ 0.0, 0.0 ] }, "224_480": { "tileset": "tile_tower", "coord": [ 5.0, 5.0 ] }, "448_512": { "tileset": "tile_tower", "coord": [ 7.0, 7.0 ] }, "864_448": { "autotile": 1.0, "autotile_index": 0.0, "tileset": "tile_tower", "coord": [ 5.0, 4.0 ] }, "512_512": { "tileset": "tile_tower", "coord": [ 7.0, 7.0 ] }, "160_448": { "tileset": "tile_tower", "coord": [ 5.0, 4.0 ] }, "448_448": { "tileset": "tile_tower", "coord": [ 5.0, 4.0 ] }, "384_480": { "tileset": "tile_tower", "coord": [ 5.0, 5.0 ] }, "896_480": { "tileset": "tile_tower", "coord": [ 5.0, 5.0 ] }, "832_512": { "autotile": 1.0, "autotile_index": 0.0, "tileset": "tile_tower", "coord": [ 4.0, 6.0 ] }, "928_448": { "tileset": "tile_tower", "coord": [ 5.0, 4.0 ] }, "512_448": { "tileset": "tile_tower", "coord": [ 5.0, 4.0 ] }, "704_448": { "autotile": 1.0, "autotile_index": 0.0, "tileset": "tile_tower", "coord": [ 6.0, 4.0 ] }, "544_448": { "tileset": "tile_tower", "coord": [ 5.0, 4.0 ] }, "672_448": { "autotile": 1.0, "autotile_index": 0.0, "tileset": "tile_tower", "coord": [ 5.0, 4.0 ] }, "480_512": { "tileset": "tile_tower", "coord": [ 7.0, 7.0 ] }, "576_480": { "tileset": "tile_tower", "coord": [ 5.0, 5.0 ] }, "864_512": { "autotile": 1.0, "autotile_index": 0.0, "tileset": "tile_tower", "coord": [ 5.0, 6.0 ] }, "256_512": { "tileset": "tile_tower", "coord": [ 7.0, 7.0 ] }, "192_448": { "tileset": "tile_tower", "coord": [ 5.0, 4.0 ] }, "416_512": { "tileset": "tile_tower", "coord": [ 7.0, 7.0 ] }, "672_480": { "autotile": 1.0, "autotile_index": 0.0, "tileset": "tile_tower", "coord": [ 5.0, 5.0 ] }, "448_480": { "tileset": "tile_tower", "coord": [ 5.0, 5.0 ] }, "160_480": { "tileset": "tile_tower", "coord": [ 5.0, 5.0 ] }, "96_512": { "tileset": "tile_tower", "coord": [ 7.0, 7.0 ] }, "128_512": { "tileset": "tile_tower", "coord": [ 7.0, 7.0 ] }, "608_512": { "tileset": "tile_tower", "coord": [ 7.0, 7.0 ] }, "544_512": { "tileset": "tile_tower", "coord": [ 7.0, 7.0 ] }, "640_512": { "tileset": "tile_tower", "coord": [ 7.0, 7.0 ] }, "224_448": { "tileset": "tile_tower", "coord": [ 5.0, 4.0 ] }, "384_448": { "tileset": "tile_tower", "coord": [ 5.0, 4.0 ] }, "128_480": { "tileset": "tile_tower", "coord": [ 5.0, 5.0 ] }, "352_480": { "tileset": "tile_tower", "coord": [ 5.0, 5.0 ] }, "0_448": { "tileset": "tile_tower", "coord": [ 5.0, 4.0 ] }, "736_-128": { "tileset": "tile_ruin", "coord": [ 0.0, 0.0 ] }, "640_480": { "tileset": "tile_tower", "coord": [ 5.0, 5.0 ] }, "608_448": { "tileset": "tile_tower", "coord": [ 5.0, 4.0 ] }, "384_512": { "tileset": "tile_tower", "coord": [ 7.0, 7.0 ] }, "32_480": { "tileset": "tile_tower", "coord": [ 5.0, 5.0 ] }, "288_448": { "tileset": "tile_tower", "coord": [ 5.0, 4.0 ] }, "320_512": { "tileset": "tile_tower", "coord": [ 7.0, 7.0 ] }, "256_480": { "tileset": "tile_tower", "coord": [ 5.0, 5.0 ] }, "64_480": { "tileset": "tile_tower", "coord": [ 5.0, 5.0 ] }, "32_448": { "tileset": "tile_tower", "coord": [ 5.0, 4.0 ] }, "864_480": { "autotile": 1.0, "autotile_index": 0.0, "tileset": "tile_tower", "coord": [ 5.0, 5.0 ] }, "576_512": { "tileset": "tile_tower", "coord": [ 7.0, 7.0 ] }, "480_0": { "tileset": "tile_entrance1", "coord": [ 0.0, 0.0 ] }, "352_512": { "tileset": "tile_tower", "coord": [ 7.0, 7.0 ] }, "288_480": { "tileset": "tile_tower", "coord": [ 5.0, 5.0 ] }, "160_512": { "tileset": "tile_tower", "coord": [ 7.0, 7.0 ] }, "0_512": { "tileset": "tile_tower", "coord": [ 7.0, 7.0 ] }, "480_448": { "tileset": "tile_tower", "coord": [ 5.0, 4.0 ] }, "320_448": { "tileset": "tile_tower", "coord": [ 5.0, 4.0 ] }, "704_512": { "autotile": 1.0, "autotile_index": 0.0, "tileset": "tile_tower", "coord": [ 6.0, 6.0 ] }, "480_480": { "tileset": "tile_tower", "coord": [ 5.0, 5.0 ] }, "512_480": { "tileset": "tile_tower", "coord": [ 5.0, 5.0 ] }, "64_448": { "tileset": "tile_tower", "coord": [ 5.0, 4.0 ] }, "0_480": { "tileset": "tile_tower", "coord": [ 5.0, 5.0 ] }, "416_448": { "tileset": "tile_tower", "coord": [ 5.0, 4.0 ] }, "416_480": { "tileset": "tile_tower", "coord": [ 5.0, 5.0 ] }, "832_480": { "autotile": 1.0, "autotile_index": 0.0, "tileset": "tile_tower", "coord": [ 4.0, 5.0 ] }, "256_448": { "tileset": "tile_tower", "coord": [ 5.0, 4.0 ] } } }, "backgrounds": { "5": { "x": 0.0, "scroll_x": 0.80000000000000004440892098500626, "panic_sprite": -1.0, "tile_y": 1.0, "hspeed": -0.20000000000000001110223024625157, "scroll_y": 0.80000000000000004440892098500626, "y": 0.0, "sprite": "bg_entrance2", "tile_x": 1.0, "vspeed": -0.20000000000000001110223024625157, "image_speed": 0.0 }, "6": { "x": 0.0, "scroll_x": 0.75, "panic_sprite": -1.0, "tile_y": 1.0, "hspeed": 0.0, "scroll_y": 0.75, "y": 0.0, "sprite": "bg_entrance1", "tile_x": 1.0, "vspeed": 0.0, "image_speed": 0.0 } }, "properties": { "songTransitionTime": 100.0, "roomX": 0.0, "levelWidth": 960.0, "roomY": 0.0, "levelHeight": 540.0, "song": "event:\/music\/hub.2" } }