{ "editorVersion": 4.0, "instances": [ { "layer": 0.0, "deleted": 0.0, "variables": { "x": 448.0, "flipX": 0.0, "y": 273.0, "flipY": 0.0, "levelName": "level_1" }, "object": 799.0 }, { "layer": 0.0, "deleted": 0.0, "variables": { "x": 0.0, "y": -96.0, "image_xscale": 8.0, "image_yscale": 20.0, "flipX": 0.0, "flipY": 0.0 }, "object": 517.0 }, { "layer": 0.0, "deleted": 0.0, "variables": { "x": 256.0, "y": 416.0, "image_xscale": 12.0, "image_yscale": 4.0, "flipX": 0.0, "flipY": 0.0 }, "object": 517.0 }, { "layer": 0.0, "deleted": 0.0, "variables": { "x": 640.0, "y": -96.0, "image_xscale": 10.0, "image_yscale": 20.0, "flipX": 0.0, "flipY": 0.0 }, "object": 517.0 }, { "layer": 0.0, "deleted": 0.0, "variables": { "x": 256.0, "y": -128.0, "targetRoom": "main", "image_xscale": 12.0, "image_yscale": 1.0, "flipX": 0.0, "flipY": 0.0, "targetDoor": "B" }, "object": 801.0 }, { "layer": 0.0, "deleted": 0.0, "variables": { "x": 416.0, "flipX": 0.0, "y": -32.0, "flipY": 0.0 }, "object": 805.0 }, { "layer": 0.0, "deleted": 0.0, "variables": { "x": 288.0, "flipX": 0.0, "y": 384.0, "flipY": 0.0 }, "object": 804.0 }, { "layer": 0.0, "deleted": 0.0, "variables": { "x": 576.0, "flipX": 0.0, "y": 320.0, "flipY": 0.0, "level": "level_1" }, "object": 257.0 }, { "layer": 0.0, "deleted": 1.0, "variables": { "x": 352.0, "flipX": 0.0, "y": 32.0, "flipY": 0.0 }, "object": 257.0 } ], "tile_data": { "5": { "736_416": { "autotile": 1.0, "autotile_index": 0.0, "tileset": "tile_ruin", "coord": [ 3.0, 11.0 ] }, "896_160": { "autotile": 1.0, "autotile_index": 0.0, "tileset": "tile_ruin", "coord": [ 3.0, 11.0 ] }, "480_544": { "autotile": 1.0, "autotile_index": 0.0, "tileset": "tile_medieval3", "coord": [ 2.0, 3.0 ] }, "160_64": { "autotile": 1.0, "autotile_index": 0.0, "tileset": "tile_ruin", "coord": [ 3.0, 11.0 ] }, "832_160": { "autotile": 1.0, "autotile_index": 0.0, "tileset": "tile_ruin", "coord": [ 3.0, 11.0 ] }, "96_448": { "autotile": 1.0, "autotile_index": 0.0, "tileset": "tile_ruin", "coord": [ 3.0, 11.0 ] }, "768_288": { "autotile": 1.0, "autotile_index": 0.0, "tileset": "tile_ruin", "coord": [ 3.0, 11.0 ] }, "64_224": { "autotile": 1.0, "autotile_index": 0.0, "tileset": "tile_ruin", "coord": [ 3.0, 11.0 ] }, "704_544": { "autotile": 1.0, "autotile_index": 0.0, "tileset": "tile_ruin", "coord": [ 4.0, 11.0 ] }, "32_0": { "autotile": 1.0, "autotile_index": 0.0, "tileset": "tile_ruin", "coord": [ 2.0, 0.0 ] }, "928_480": { "autotile": 1.0, "autotile_index": 0.0, "tileset": "tile_ruin", "coord": [ 3.0, 11.0 ] }, "672_256": { "autotile": 1.0, "autotile_index": 0.0, "tileset": "tile_ruin", "coord": [ 2.0, 10.0 ] }, "-32_448": { "autotile": 1.0, "autotile_index": 0.0, "tileset": "tile_ruin", "coord": [ 2.0, 10.0 ] }, "736_352": { "autotile": 1.0, "autotile_index": 0.0, "tileset": "tile_ruin", "coord": [ 3.0, 11.0 ] }, "960_384": { "autotile": 1.0, "autotile_index": 0.0, "tileset": "tile_ruin", "coord": [ 3.0, 11.0 ] }, "224_288": { "autotile": 1.0, "autotile_index": 0.0, "tileset": "tile_ruin", "coord": [ 5.0, 1.0 ] }, "-64_288": { "autotile": 1.0, "autotile_index": 0.0, "tileset": "tile_ruin", "coord": [ 1.0, 1.0 ] }, "608_480": { "autotile": 1.0, "autotile_index": 0.0, "tileset": "tile_medieval3", "coord": [ 3.0, 2.0 ] }, "928_160": { "autotile": 1.0, "autotile_index": 0.0, "tileset": "tile_ruin", "coord": [ 3.0, 11.0 ] }, "192_64": { "autotile": 1.0, "autotile_index": 0.0, "tileset": "tile_ruin", "coord": [ 3.0, 11.0 ] }, "128_448": { "autotile": 1.0, "autotile_index": 0.0, "tileset": "tile_ruin", "coord": [ 3.0, 11.0 ] }, "960_512": { "autotile": 1.0, "autotile_index": 0.0, "tileset": "tile_ruin", "coord": [ 3.0, 11.0 ] }, "96_224": { "autotile": 1.0, "autotile_index": 0.0, "tileset": "tile_ruin", "coord": [ 3.0, 11.0 ] }, "768_32": { "autotile": 1.0, "autotile_index": 0.0, "tileset": "tile_ruin", "coord": [ 1.0, 10.0 ] }, "352_448": { "autotile": 1.0, "autotile_index": 0.0, "tileset": "tile_medieval3", "coord": [ 2.0, 2.0 ] }, "64_0": { "autotile": 1.0, "autotile_index": 0.0, "tileset": "tile_ruin", "coord": [ 4.0, 0.0 ] }, "480_416": { "autotile": 1.0, "autotile_index": 0.0, "tileset": "tile_medieval3", "coord": [ 2.0, 1.0 ] }, "704_64": { "autotile": 1.0, "autotile_index": 0.0, "tileset": "tile_ruin", "coord": [ 3.0, 11.0 ] }, "0_384": { "autotile": 1.0, "autotile_index": 0.0, "tileset": "tile_ruin", "coord": [ 3.0, 11.0 ] }, "224_480": { "autotile": 1.0, "autotile_index": 0.0, "tileset": "tile_ruin", "coord": [ 5.0, 3.0 ] }, "992_576": { "autotile": 1.0, "autotile_index": 0.0, "tileset": "tile_ruin", "coord": [ 5.0, 4.0 ] }, "640_320": { "autotile": 1.0, "autotile_index": 0.0, "tileset": "tile_ruin", "coord": [ 1.0, 3.0 ] }, "-32_224": { "autotile": 1.0, "autotile_index": 0.0, "tileset": "tile_ruin", "coord": [ 2.0, 10.0 ] }, "864_448": { "autotile": 1.0, "autotile_index": 0.0, "tileset": "tile_ruin", "coord": [ 3.0, 11.0 ] }, "960_160": { "autotile": 1.0, "autotile_index": 0.0, "tileset": "tile_ruin", "coord": [ 3.0, 11.0 ] }, "224_64": { "autotile": 1.0, "autotile_index": 0.0, "tileset": "tile_ruin", "coord": [ 5.0, 1.0 ] }, "-64_64": { "autotile": 1.0, "autotile_index": 0.0, "tileset": "tile_ruin", "coord": [ 1.0, 2.0 ] }, "512_512": { "autotile": 1.0, "autotile_index": 0.0, "tileset": "tile_medieval3", "coord": [ 2.0, 2.0 ] }, "160_448": { "autotile": 1.0, "autotile_index": 0.0, "tileset": "tile_ruin", "coord": [ 3.0, 11.0 ] }, "864_128": { "autotile": 1.0, "autotile_index": 0.0, "tileset": "tile_ruin", "coord": [ 3.0, 11.0 ] }, "448_448": { "autotile": 1.0, "autotile_index": 0.0, "tileset": "tile_medieval3", "coord": [ 2.0, 2.0 ] }, "128_224": { "autotile": 1.0, "autotile_index": 0.0, "tileset": "tile_ruin", "coord": [ 3.0, 11.0 ] }, "800_192": { "autotile": 1.0, "autotile_index": 0.0, "tileset": "tile_ruin", "coord": [ 3.0, 11.0 ] }, "96_0": { "autotile": 1.0, "autotile_index": 0.0, "tileset": "tile_ruin", "coord": [ 2.0, 0.0 ] }, "736_288": { "autotile": 1.0, "autotile_index": 0.0, "tileset": "tile_ruin", "coord": [ 3.0, 11.0 ] }, "32_384": { "autotile": 1.0, "autotile_index": 0.0, "tileset": "tile_ruin", "coord": [ 3.0, 11.0 ] }, "544_448": { "autotile": 1.0, "autotile_index": 0.0, "tileset": "tile_medieval3", "coord": [ 2.0, 2.0 ] }, "672_448": { "autotile": 1.0, "autotile_index": 0.0, "tileset": "tile_ruin", "coord": [ 2.0, 10.0 ] }, "0_160": { "autotile": 1.0, "autotile_index": 0.0, "tileset": "tile_ruin", "coord": [ 3.0, 11.0 ] }, "800_352": { "autotile": 1.0, "autotile_index": 0.0, "tileset": "tile_ruin", "coord": [ 3.0, 11.0 ] }, "992_224": { "autotile": 1.0, "autotile_index": 0.0, "tileset": "tile_ruin", "coord": [ 5.0, 1.0 ] }, "-32_0": { "autotile": 1.0, "autotile_index": 0.0, "tileset": "tile_ruin", "coord": [ 3.0, 0.0 ] }, "864_512": { "autotile": 1.0, "autotile_index": 0.0, "tileset": "tile_ruin", "coord": [ 3.0, 11.0 ] }, "192_448": { "autotile": 1.0, "autotile_index": 0.0, "tileset": "tile_ruin", "coord": [ 3.0, 11.0 ] }, "832_384": { "autotile": 1.0, "autotile_index": 0.0, "tileset": "tile_ruin", "coord": [ 3.0, 11.0 ] }, "896_320": { "autotile": 1.0, "autotile_index": 0.0, "tileset": "tile_ruin", "coord": [ 3.0, 11.0 ] }, "160_224": { "autotile": 1.0, "autotile_index": 0.0, "tileset": "tile_ruin", "coord": [ 3.0, 11.0 ] }, "832_576": { "autotile": 1.0, "autotile_index": 0.0, "tileset": "tile_ruin", "coord": [ 3.0, 4.0 ] }, "128_0": { "autotile": 1.0, "autotile_index": 0.0, "tileset": "tile_ruin", "coord": [ 4.0, 0.0 ] }, "64_384": { "autotile": 1.0, "autotile_index": 0.0, "tileset": "tile_ruin", "coord": [ 3.0, 11.0 ] }, "736_32": { "autotile": 1.0, "autotile_index": 0.0, "tileset": "tile_ruin", "coord": [ 1.0, 10.0 ] }, "320_544": { "autotile": 1.0, "autotile_index": 0.0, "tileset": "tile_medieval3", "coord": [ 2.0, 3.0 ] }, "32_160": { "autotile": 1.0, "autotile_index": 0.0, "tileset": "tile_ruin", "coord": [ 3.0, 11.0 ] }, "608_512": { "autotile": 1.0, "autotile_index": 0.0, "tileset": "tile_medieval3", "coord": [ 3.0, 2.0 ] }, "672_96": { "autotile": 1.0, "autotile_index": 0.0, "tileset": "tile_ruin", "coord": [ 2.0, 10.0 ] }, "768_352": { "autotile": 1.0, "autotile_index": 0.0, "tileset": "tile_ruin", "coord": [ 3.0, 11.0 ] }, "992_0": { "autotile": 1.0, "autotile_index": 0.0, "tileset": "tile_ruin", "coord": [ 5.0, 2.0 ] }, "224_448": { "autotile": 1.0, "autotile_index": 0.0, "tileset": "tile_ruin", "coord": [ 5.0, 1.0 ] }, "-64_448": { "autotile": 1.0, "autotile_index": 0.0, "tileset": "tile_ruin", "coord": [ 1.0, 2.0 ] }, "128_480": { "autotile": 1.0, "autotile_index": 0.0, "tileset": "tile_ruin", "coord": [ 3.0, 11.0 ] }, "928_320": { "autotile": 1.0, "autotile_index": 0.0, "tileset": "tile_ruin", "coord": [ 3.0, 11.0 ] }, "192_224": { "autotile": 1.0, "autotile_index": 0.0, "tileset": "tile_ruin", "coord": [ 3.0, 11.0 ] }, "704_384": { "autotile": 1.0, "autotile_index": 0.0, "tileset": "tile_ruin", "coord": [ 3.0, 11.0 ] }, "896_96": { "autotile": 1.0, "autotile_index": 0.0, "tileset": "tile_ruin", "coord": [ 3.0, 11.0 ] }, "160_0": { "autotile": 1.0, "autotile_index": 0.0, "tileset": "tile_ruin", "coord": [ 4.0, 0.0 ] }, "832_96": { "autotile": 1.0, "autotile_index": 0.0, "tileset": "tile_ruin", "coord": [ 3.0, 11.0 ] }, "416_544": { "autotile": 1.0, "autotile_index": 0.0, "tileset": "tile_medieval3", "coord": [ 2.0, 3.0 ] }, "96_384": { "autotile": 1.0, "autotile_index": 0.0, "tileset": "tile_ruin", "coord": [ 3.0, 11.0 ] }, "768_192": { "autotile": 1.0, "autotile_index": 0.0, "tileset": "tile_ruin", "coord": [ 3.0, 11.0 ] }, "64_160": { "autotile": 1.0, "autotile_index": 0.0, "tileset": "tile_ruin", "coord": [ 3.0, 11.0 ] }, "576_416": { "autotile": 1.0, "autotile_index": 0.0, "tileset": "tile_medieval3", "coord": [ 2.0, 1.0 ] }, "704_352": { "autotile": 1.0, "autotile_index": 0.0, "tileset": "tile_ruin", "coord": [ 3.0, 11.0 ] }, "320_512": { "autotile": 1.0, "autotile_index": 0.0, "tileset": "tile_medieval3", "coord": [ 2.0, 2.0 ] }, "704_256": { "autotile": 1.0, "autotile_index": 0.0, "tileset": "tile_ruin", "coord": [ 3.0, 11.0 ] }, "640_544": { "autotile": 1.0, "autotile_index": 0.0, "tileset": "tile_ruin", "coord": [ 1.0, 2.0 ] }, "-32_384": { "autotile": 1.0, "autotile_index": 0.0, "tileset": "tile_ruin", "coord": [ 2.0, 10.0 ] }, "64_480": { "autotile": 1.0, "autotile_index": 0.0, "tileset": "tile_ruin", "coord": [ 3.0, 11.0 ] }, "960_320": { "autotile": 1.0, "autotile_index": 0.0, "tileset": "tile_ruin", "coord": [ 3.0, 11.0 ] }, "224_224": { "autotile": 1.0, "autotile_index": 0.0, "tileset": "tile_ruin", "coord": [ 5.0, 2.0 ] }, "-64_224": { "autotile": 1.0, "autotile_index": 0.0, "tileset": "tile_ruin", "coord": [ 1.0, 3.0 ] }, "800_512": { "autotile": 1.0, "autotile_index": 0.0, "tileset": "tile_ruin", "coord": [ 3.0, 11.0 ] }, "928_96": { "autotile": 1.0, "autotile_index": 0.0, "tileset": "tile_ruin", "coord": [ 3.0, 11.0 ] }, "192_0": { "autotile": 1.0, "autotile_index": 0.0, "tileset": "tile_ruin", "coord": [ 2.0, 0.0 ] }, "864_544": { "autotile": 1.0, "autotile_index": 0.0, "tileset": "tile_ruin", "coord": [ 4.0, 11.0 ] }, "128_384": { "autotile": 1.0, "autotile_index": 0.0, "tileset": "tile_ruin", "coord": [ 3.0, 11.0 ] }, "800_544": { "autotile": 1.0, "autotile_index": 0.0, "tileset": "tile_ruin", "coord": [ 4.0, 11.0 ] }, "96_160": { "autotile": 1.0, "autotile_index": 0.0, "tileset": "tile_ruin", "coord": [ 3.0, 11.0 ] }, "480_448": { "autotile": 1.0, "autotile_index": 0.0, "tileset": "tile_medieval3", "coord": [ 2.0, 2.0 ] }, "992_480": { "autotile": 1.0, "autotile_index": 0.0, "tileset": "tile_ruin", "coord": [ 5.0, 2.0 ] }, "704_0": { "autotile": 1.0, "autotile_index": 0.0, "tileset": "tile_ruin", "coord": [ 2.0, 0.0 ] }, "0_320": { "autotile": 1.0, "autotile_index": 0.0, "tileset": "tile_ruin", "coord": [ 3.0, 11.0 ] }, "704_512": { "autotile": 1.0, "autotile_index": 0.0, "tileset": "tile_ruin", "coord": [ 3.0, 11.0 ] }, "992_384": { "autotile": 1.0, "autotile_index": 0.0, "tileset": "tile_ruin", "coord": [ 5.0, 3.0 ] }, "640_128": { "autotile": 1.0, "autotile_index": 0.0, "tileset": "tile_ruin", "coord": [ 1.0, 1.0 ] }, "-32_160": { "autotile": 1.0, "autotile_index": 0.0, "tileset": "tile_ruin", "coord": [ 2.0, 10.0 ] }, "480_480": { "autotile": 1.0, "autotile_index": 0.0, "tileset": "tile_medieval3", "coord": [ 8.0, 1.0 ] }, "960_96": { "autotile": 1.0, "autotile_index": 0.0, "tileset": "tile_ruin", "coord": [ 3.0, 11.0 ] }, "224_0": { "autotile": 1.0, "autotile_index": 0.0, "tileset": "tile_ruin", "coord": [ 5.0, 0.0 ] }, "-64_0": { "autotile": 1.0, "autotile_index": 0.0, "tileset": "tile_ruin", "coord": [ 1.0, 0.0 ] }, "768_512": { "autotile": 1.0, "autotile_index": 0.0, "tileset": "tile_ruin", "coord": [ 3.0, 11.0 ] }, "896_544": { "autotile": 1.0, "autotile_index": 0.0, "tileset": "tile_ruin", "coord": [ 4.0, 11.0 ] }, "160_384": { "autotile": 1.0, "autotile_index": 0.0, "tileset": "tile_ruin", "coord": [ 3.0, 11.0 ] }, "864_64": { "autotile": 1.0, "autotile_index": 0.0, "tileset": "tile_ruin", "coord": [ 3.0, 11.0 ] }, "128_160": { "autotile": 1.0, "autotile_index": 0.0, "tileset": "tile_ruin", "coord": [ 3.0, 11.0 ] }, "800_128": { "autotile": 1.0, "autotile_index": 0.0, "tileset": "tile_ruin", "coord": [ 3.0, 11.0 ] }, "736_192": { "autotile": 1.0, "autotile_index": 0.0, "tileset": "tile_ruin", "coord": [ 3.0, 11.0 ] }, "32_320": { "autotile": 1.0, "autotile_index": 0.0, "tileset": "tile_ruin", "coord": [ 3.0, 11.0 ] }, "576_448": { "autotile": 1.0, "autotile_index": 0.0, "tileset": "tile_medieval3", "coord": [ 2.0, 2.0 ] }, "672_384": { "autotile": 1.0, "autotile_index": 0.0, "tileset": "tile_ruin", "coord": [ 2.0, 10.0 ] }, "0_96": { "autotile": 1.0, "autotile_index": 0.0, "tileset": "tile_ruin", "coord": [ 3.0, 11.0 ] }, "896_512": { "autotile": 1.0, "autotile_index": 0.0, "tileset": "tile_ruin", "coord": [ 3.0, 11.0 ] }, "992_160": { "autotile": 1.0, "autotile_index": 0.0, "tileset": "tile_ruin", "coord": [ 5.0, 2.0 ] }, "224_512": { "autotile": 1.0, "autotile_index": 0.0, "tileset": "tile_ruin", "coord": [ 5.0, 1.0 ] }, "928_544": { "autotile": 1.0, "autotile_index": 0.0, "tileset": "tile_ruin", "coord": [ 4.0, 11.0 ] }, "192_384": { "autotile": 1.0, "autotile_index": 0.0, "tileset": "tile_ruin", "coord": [ 3.0, 11.0 ] }, "192_512": { "autotile": 1.0, "autotile_index": 0.0, "tileset": "tile_ruin", "coord": [ 3.0, 11.0 ] }, "896_256": { "autotile": 1.0, "autotile_index": 0.0, "tileset": "tile_ruin", "coord": [ 3.0, 11.0 ] }, "160_160": { "autotile": 1.0, "autotile_index": 0.0, "tileset": "tile_ruin", "coord": [ 3.0, 11.0 ] }, "832_256": { "autotile": 1.0, "autotile_index": 0.0, "tileset": "tile_ruin", "coord": [ 3.0, 11.0 ] }, "992_416": { "autotile": 1.0, "autotile_index": 0.0, "tileset": "tile_ruin", "coord": [ 5.0, 3.0 ] }, "768_576": { "autotile": 1.0, "autotile_index": 0.0, "tileset": "tile_ruin", "coord": [ 4.0, 4.0 ] }, "64_320": { "autotile": 1.0, "autotile_index": 0.0, "tileset": "tile_ruin", "coord": [ 3.0, 11.0 ] }, "320_416": { "autotile": 1.0, "autotile_index": 0.0, "tileset": "tile_medieval3", "coord": [ 2.0, 1.0 ] }, "32_96": { "autotile": 1.0, "autotile_index": 0.0, "tileset": "tile_ruin", "coord": [ 3.0, 11.0 ] }, "320_480": { "autotile": 1.0, "autotile_index": 0.0, "tileset": "tile_medieval3", "coord": [ 8.0, 1.0 ] }, "672_32": { "autotile": 1.0, "autotile_index": 0.0, "tileset": "tile_ruin", "coord": [ 4.0, 11.0 ] }, "-32_544": { "autotile": 1.0, "autotile_index": 0.0, "tileset": "tile_ruin", "coord": [ 2.0, 10.0 ] }, "192_480": { "autotile": 1.0, "autotile_index": 0.0, "tileset": "tile_ruin", "coord": [ 3.0, 11.0 ] }, "736_256": { "autotile": 1.0, "autotile_index": 0.0, "tileset": "tile_ruin", "coord": [ 3.0, 11.0 ] }, "992_-64": { "autotile": 1.0, "autotile_index": 0.0, "tileset": "tile_ruin", "coord": [ 4.0, 11.0 ] }, "224_384": { "autotile": 1.0, "autotile_index": 0.0, "tileset": "tile_ruin", "coord": [ 5.0, 2.0 ] }, "-64_384": { "autotile": 1.0, "autotile_index": 0.0, "tileset": "tile_ruin", "coord": [ 1.0, 1.0 ] }, "96_480": { "autotile": 1.0, "autotile_index": 0.0, "tileset": "tile_ruin", "coord": [ 3.0, 11.0 ] }, "928_256": { "autotile": 1.0, "autotile_index": 0.0, "tileset": "tile_ruin", "coord": [ 3.0, 11.0 ] }, "192_160": { "autotile": 1.0, "autotile_index": 0.0, "tileset": "tile_ruin", "coord": [ 3.0, 11.0 ] }, "896_32": { "autotile": 1.0, "autotile_index": 0.0, "tileset": "tile_ruin", "coord": [ 1.0, 10.0 ] }, "640_160": { "autotile": 1.0, "autotile_index": 0.0, "tileset": "tile_ruin", "coord": [ 1.0, 1.0 ] }, "832_32": { "autotile": 1.0, "autotile_index": 0.0, "tileset": "tile_ruin", "coord": [ 1.0, 10.0 ] }, "416_416": { "autotile": 1.0, "autotile_index": 0.0, "tileset": "tile_medieval3", "coord": [ 2.0, 1.0 ] }, "96_320": { "autotile": 1.0, "autotile_index": 0.0, "tileset": "tile_ruin", "coord": [ 3.0, 11.0 ] }, "768_128": { "autotile": 1.0, "autotile_index": 0.0, "tileset": "tile_ruin", "coord": [ 3.0, 11.0 ] }, "64_96": { "autotile": 1.0, "autotile_index": 0.0, "tileset": "tile_ruin", "coord": [ 3.0, 11.0 ] }, "256_416": { "autotile": 1.0, "autotile_index": 0.0, "tileset": "tile_medieval3", "coord": [ 1.0, 1.0 ] }, "704_288": { "autotile": 1.0, "autotile_index": 0.0, "tileset": "tile_ruin", "coord": [ 3.0, 11.0 ] }, "0_544": { "autotile": 1.0, "autotile_index": 0.0, "tileset": "tile_ruin", "coord": [ 4.0, 11.0 ] }, "768_384": { "autotile": 1.0, "autotile_index": 0.0, "tileset": "tile_ruin", "coord": [ 3.0, 11.0 ] }, "640_416": { "autotile": 1.0, "autotile_index": 0.0, "tileset": "tile_ruin", "coord": [ 1.0, 1.0 ] }, "-32_320": { "autotile": 1.0, "autotile_index": 0.0, "tileset": "tile_ruin", "coord": [ 2.0, 10.0 ] }, "896_480": { "autotile": 1.0, "autotile_index": 0.0, "tileset": "tile_ruin", "coord": [ 3.0, 11.0 ] }, "960_256": { "autotile": 1.0, "autotile_index": 0.0, "tileset": "tile_ruin", "coord": [ 3.0, 11.0 ] }, "224_160": { "autotile": 1.0, "autotile_index": 0.0, "tileset": "tile_ruin", "coord": [ 5.0, 2.0 ] }, "-64_160": { "autotile": 1.0, "autotile_index": 0.0, "tileset": "tile_ruin", "coord": [ 1.0, 3.0 ] }, "768_480": { "autotile": 1.0, "autotile_index": 0.0, "tileset": "tile_ruin", "coord": [ 3.0, 11.0 ] }, "928_32": { "autotile": 1.0, "autotile_index": 0.0, "tileset": "tile_ruin", "coord": [ 1.0, 10.0 ] }, "864_224": { "autotile": 1.0, "autotile_index": 0.0, "tileset": "tile_ruin", "coord": [ 3.0, 11.0 ] }, "128_320": { "autotile": 1.0, "autotile_index": 0.0, "tileset": "tile_ruin", "coord": [ 3.0, 11.0 ] }, "800_288": { "autotile": 1.0, "autotile_index": 0.0, "tileset": "tile_ruin", "coord": [ 3.0, 11.0 ] }, "96_96": { "autotile": 1.0, "autotile_index": 0.0, "tileset": "tile_ruin", "coord": [ 3.0, 11.0 ] }, "736_576": { "autotile": 1.0, "autotile_index": 0.0, "tileset": "tile_ruin", "coord": [ 4.0, 4.0 ] }, "32_544": { "autotile": 1.0, "autotile_index": 0.0, "tileset": "tile_ruin", "coord": [ 4.0, 11.0 ] }, "544_416": { "autotile": 1.0, "autotile_index": 0.0, "tileset": "tile_medieval3", "coord": [ 2.0, 1.0 ] }, "0_256": { "autotile": 1.0, "autotile_index": 0.0, "tileset": "tile_ruin", "coord": [ 3.0, 11.0 ] }, "672_480": { "autotile": 1.0, "autotile_index": 0.0, "tileset": "tile_ruin", "coord": [ 2.0, 10.0 ] }, "992_320": { "autotile": 1.0, "autotile_index": 0.0, "tileset": "tile_ruin", "coord": [ 5.0, 1.0 ] }, "640_64": { "autotile": 1.0, "autotile_index": 0.0, "tileset": "tile_ruin", "coord": [ 1.0, 2.0 ] }, "-32_96": { "autotile": 1.0, "autotile_index": 0.0, "tileset": "tile_ruin", "coord": [ 2.0, 10.0 ] }, "160_480": { "autotile": 1.0, "autotile_index": 0.0, "tileset": "tile_ruin", "coord": [ 3.0, 11.0 ] }, "960_32": { "autotile": 1.0, "autotile_index": 0.0, "tileset": "tile_ruin", "coord": [ 2.0, 10.0 ] }, "128_512": { "autotile": 1.0, "autotile_index": 0.0, "tileset": "tile_ruin", "coord": [ 3.0, 11.0 ] }, "896_416": { "autotile": 1.0, "autotile_index": 0.0, "tileset": "tile_ruin", "coord": [ 3.0, 11.0 ] }, "160_320": { "autotile": 1.0, "autotile_index": 0.0, "tileset": "tile_ruin", "coord": [ 3.0, 11.0 ] }, "672_192": { "autotile": 1.0, "autotile_index": 0.0, "tileset": "tile_ruin", "coord": [ 2.0, 10.0 ] }, "864_0": { "autotile": 1.0, "autotile_index": 0.0, "tileset": "tile_ruin", "coord": [ 3.0, 0.0 ] }, "128_96": { "autotile": 1.0, "autotile_index": 0.0, "tileset": "tile_ruin", "coord": [ 3.0, 11.0 ] }, "800_64": { "autotile": 1.0, "autotile_index": 0.0, "tileset": "tile_ruin", "coord": [ 3.0, 11.0 ] }, "384_448": { "autotile": 1.0, "autotile_index": 0.0, "tileset": "tile_medieval3", "coord": [ 2.0, 2.0 ] }, "64_544": { "autotile": 1.0, "autotile_index": 0.0, "tileset": "tile_ruin", "coord": [ 4.0, 11.0 ] }, "736_128": { "autotile": 1.0, "autotile_index": 0.0, "tileset": "tile_ruin", "coord": [ 3.0, 11.0 ] }, "32_256": { "autotile": 1.0, "autotile_index": 0.0, "tileset": "tile_ruin", "coord": [ 3.0, 11.0 ] }, "352_480": { "autotile": 1.0, "autotile_index": 0.0, "tileset": "tile_medieval3", "coord": [ 8.0, 1.0 ] }, "672_320": { "autotile": 1.0, "autotile_index": 0.0, "tileset": "tile_ruin", "coord": [ 2.0, 10.0 ] }, "0_32": { "autotile": 1.0, "autotile_index": 0.0, "tileset": "tile_ruin", "coord": [ 1.0, 10.0 ] }, "640_480": { "autotile": 1.0, "autotile_index": 0.0, "tileset": "tile_ruin", "coord": [ 1.0, 1.0 ] }, "992_96": { "autotile": 1.0, "autotile_index": 0.0, "tileset": "tile_ruin", "coord": [ 5.0, 2.0 ] }, "608_448": { "autotile": 1.0, "autotile_index": 0.0, "tileset": "tile_medieval3", "coord": [ 3.0, 2.0 ] }, "-64_544": { "autotile": 1.0, "autotile_index": 0.0, "tileset": "tile_ruin", "coord": [ 1.0, 3.0 ] }, "384_512": { "autotile": 1.0, "autotile_index": 0.0, "tileset": "tile_medieval3", "coord": [ 2.0, 2.0 ] }, "928_416": { "autotile": 1.0, "autotile_index": 0.0, "tileset": "tile_ruin", "coord": [ 3.0, 11.0 ] }, "192_320": { "autotile": 1.0, "autotile_index": 0.0, "tileset": "tile_ruin", "coord": [ 3.0, 11.0 ] }, "736_384": { "autotile": 1.0, "autotile_index": 0.0, "tileset": "tile_ruin", "coord": [ 3.0, 11.0 ] }, "896_192": { "autotile": 1.0, "autotile_index": 0.0, "tileset": "tile_ruin", "coord": [ 3.0, 11.0 ] }, "160_96": { "autotile": 1.0, "autotile_index": 0.0, "tileset": "tile_ruin", "coord": [ 3.0, 11.0 ] }, "640_256": { "autotile": 1.0, "autotile_index": 0.0, "tileset": "tile_ruin", "coord": [ 1.0, 3.0 ] }, "832_192": { "autotile": 1.0, "autotile_index": 0.0, "tileset": "tile_ruin", "coord": [ 3.0, 11.0 ] }, "96_544": { "autotile": 1.0, "autotile_index": 0.0, "tileset": "tile_ruin", "coord": [ 4.0, 11.0 ] }, "768_320": { "autotile": 1.0, "autotile_index": 0.0, "tileset": "tile_ruin", "coord": [ 3.0, 11.0 ] }, "64_256": { "autotile": 1.0, "autotile_index": 0.0, "tileset": "tile_ruin", "coord": [ 3.0, 11.0 ] }, "704_576": { "autotile": 1.0, "autotile_index": 0.0, "tileset": "tile_ruin", "coord": [ 3.0, 4.0 ] }, "32_32": { "autotile": 1.0, "autotile_index": 0.0, "tileset": "tile_ruin", "coord": [ 1.0, 10.0 ] }, "576_512": { "autotile": 1.0, "autotile_index": 0.0, "tileset": "tile_medieval3", "coord": [ 2.0, 2.0 ] }, "-32_480": { "autotile": 1.0, "autotile_index": 0.0, "tileset": "tile_ruin", "coord": [ 2.0, 10.0 ] }, "352_512": { "autotile": 1.0, "autotile_index": 0.0, "tileset": "tile_medieval3", "coord": [ 2.0, 2.0 ] }, "960_544": { "autotile": 1.0, "autotile_index": 0.0, "tileset": "tile_ruin", "coord": [ 3.0, 11.0 ] }, "224_320": { "autotile": 1.0, "autotile_index": 0.0, "tileset": "tile_ruin", "coord": [ 5.0, 3.0 ] }, "-64_320": { "autotile": 1.0, "autotile_index": 0.0, "tileset": "tile_ruin", "coord": [ 1.0, 2.0 ] }, "160_512": { "autotile": 1.0, "autotile_index": 0.0, "tileset": "tile_ruin", "coord": [ 3.0, 11.0 ] }, "928_192": { "autotile": 1.0, "autotile_index": 0.0, "tileset": "tile_ruin", "coord": [ 3.0, 11.0 ] }, "192_96": { "autotile": 1.0, "autotile_index": 0.0, "tileset": "tile_ruin", "coord": [ 3.0, 11.0 ] }, "128_544": { "autotile": 1.0, "autotile_index": 0.0, "tileset": "tile_ruin", "coord": [ 4.0, 11.0 ] }, "96_256": { "autotile": 1.0, "autotile_index": 0.0, "tileset": "tile_ruin", "coord": [ 3.0, 11.0 ] }, "768_64": { "autotile": 1.0, "autotile_index": 0.0, "tileset": "tile_ruin", "coord": [ 3.0, 11.0 ] }, "352_544": { "autotile": 1.0, "autotile_index": 0.0, "tileset": "tile_medieval3", "coord": [ 2.0, 3.0 ] }, "64_32": { "autotile": 1.0, "autotile_index": 0.0, "tileset": "tile_ruin", "coord": [ 1.0, 10.0 ] }, "864_320": { "autotile": 1.0, "autotile_index": 0.0, "tileset": "tile_ruin", "coord": [ 3.0, 11.0 ] }, "704_96": { "autotile": 1.0, "autotile_index": 0.0, "tileset": "tile_ruin", "coord": [ 3.0, 11.0 ] }, "0_416": { "autotile": 1.0, "autotile_index": 0.0, "tileset": "tile_ruin", "coord": [ 3.0, 11.0 ] }, "736_480": { "autotile": 1.0, "autotile_index": 0.0, "tileset": "tile_ruin", "coord": [ 3.0, 11.0 ] }, "640_352": { "autotile": 1.0, "autotile_index": 0.0, "tileset": "tile_ruin", "coord": [ 1.0, 1.0 ] }, "-32_256": { "autotile": 1.0, "autotile_index": 0.0, "tileset": "tile_ruin", "coord": [ 2.0, 10.0 ] }, "416_480": { "autotile": 1.0, "autotile_index": 0.0, "tileset": "tile_medieval3", "coord": [ 8.0, 1.0 ] }, "960_192": { "autotile": 1.0, "autotile_index": 0.0, "tileset": "tile_ruin", "coord": [ 3.0, 11.0 ] }, "576_544": { "autotile": 1.0, "autotile_index": 0.0, "tileset": "tile_medieval3", "coord": [ 2.0, 3.0 ] }, "224_96": { "autotile": 1.0, "autotile_index": 0.0, "tileset": "tile_ruin", "coord": [ 5.0, 3.0 ] }, "-64_96": { "autotile": 1.0, "autotile_index": 0.0, "tileset": "tile_ruin", "coord": [ 1.0, 2.0 ] }, "768_416": { "autotile": 1.0, "autotile_index": 0.0, "tileset": "tile_ruin", "coord": [ 3.0, 11.0 ] }, "512_544": { "autotile": 1.0, "autotile_index": 0.0, "tileset": "tile_medieval3", "coord": [ 2.0, 3.0 ] }, "160_544": { "autotile": 1.0, "autotile_index": 0.0, "tileset": "tile_ruin", "coord": [ 4.0, 11.0 ] }, "992_448": { "autotile": 1.0, "autotile_index": 0.0, "tileset": "tile_ruin", "coord": [ 5.0, 2.0 ] }, "864_160": { "autotile": 1.0, "autotile_index": 0.0, "tileset": "tile_ruin", "coord": [ 3.0, 11.0 ] }, "448_544": { "autotile": 1.0, "autotile_index": 0.0, "tileset": "tile_medieval3", "coord": [ 2.0, 3.0 ] }, "128_256": { "autotile": 1.0, "autotile_index": 0.0, "tileset": "tile_ruin", "coord": [ 3.0, 11.0 ] }, "800_224": { "autotile": 1.0, "autotile_index": 0.0, "tileset": "tile_ruin", "coord": [ 3.0, 11.0 ] }, "96_32": { "autotile": 1.0, "autotile_index": 0.0, "tileset": "tile_ruin", "coord": [ 1.0, 10.0 ] }, "736_320": { "autotile": 1.0, "autotile_index": 0.0, "tileset": "tile_ruin", "coord": [ 3.0, 11.0 ] }, "32_416": { "autotile": 1.0, "autotile_index": 0.0, "tileset": "tile_ruin", "coord": [ 3.0, 11.0 ] }, "832_320": { "autotile": 1.0, "autotile_index": 0.0, "tileset": "tile_ruin", "coord": [ 3.0, 11.0 ] }, "672_544": { "autotile": 1.0, "autotile_index": 0.0, "tileset": "tile_ruin", "coord": [ 2.0, 10.0 ] }, "0_192": { "autotile": 1.0, "autotile_index": 0.0, "tileset": "tile_ruin", "coord": [ 3.0, 11.0 ] }, "928_512": { "autotile": 1.0, "autotile_index": 0.0, "tileset": "tile_ruin", "coord": [ 3.0, 11.0 ] }, "960_480": { "autotile": 1.0, "autotile_index": 0.0, "tileset": "tile_ruin", "coord": [ 3.0, 11.0 ] }, "992_256": { "autotile": 1.0, "autotile_index": 0.0, "tileset": "tile_ruin", "coord": [ 5.0, 2.0 ] }, "640_0": { "autotile": 1.0, "autotile_index": 0.0, "tileset": "tile_ruin", "coord": [ 1.0, 0.0 ] }, "-32_32": { "autotile": 1.0, "autotile_index": 0.0, "tileset": "tile_ruin", "coord": [ 4.0, 11.0 ] }, "544_480": { "autotile": 1.0, "autotile_index": 0.0, "tileset": "tile_medieval3", "coord": [ 8.0, 1.0 ] }, "192_544": { "autotile": 1.0, "autotile_index": 0.0, "tileset": "tile_ruin", "coord": [ 3.0, 11.0 ] }, "32_512": { "autotile": 1.0, "autotile_index": 0.0, "tileset": "tile_ruin", "coord": [ 3.0, 11.0 ] }, "896_352": { "autotile": 1.0, "autotile_index": 0.0, "tileset": "tile_ruin", "coord": [ 3.0, 11.0 ] }, "160_256": { "autotile": 1.0, "autotile_index": 0.0, "tileset": "tile_ruin", "coord": [ 3.0, 11.0 ] }, "672_160": { "autotile": 1.0, "autotile_index": 0.0, "tileset": "tile_ruin", "coord": [ 2.0, 10.0 ] }, "128_32": { "autotile": 1.0, "autotile_index": 0.0, "tileset": "tile_ruin", "coord": [ 1.0, 10.0 ] }, "800_0": { "autotile": 1.0, "autotile_index": 0.0, "tileset": "tile_ruin", "coord": [ 3.0, 0.0 ] }, "64_416": { "autotile": 1.0, "autotile_index": 0.0, "tileset": "tile_ruin", "coord": [ 3.0, 11.0 ] }, "704_224": { "autotile": 1.0, "autotile_index": 0.0, "tileset": "tile_ruin", "coord": [ 3.0, 11.0 ] }, "736_64": { "autotile": 1.0, "autotile_index": 0.0, "tileset": "tile_ruin", "coord": [ 3.0, 11.0 ] }, "32_192": { "autotile": 1.0, "autotile_index": 0.0, "tileset": "tile_ruin", "coord": [ 3.0, 11.0 ] }, "704_480": { "autotile": 1.0, "autotile_index": 0.0, "tileset": "tile_ruin", "coord": [ 3.0, 11.0 ] }, "672_128": { "autotile": 1.0, "autotile_index": 0.0, "tileset": "tile_ruin", "coord": [ 2.0, 10.0 ] }, "448_512": { "autotile": 1.0, "autotile_index": 0.0, "tileset": "tile_medieval3", "coord": [ 2.0, 2.0 ] }, "992_32": { "autotile": 1.0, "autotile_index": 0.0, "tileset": "tile_ruin", "coord": [ 5.0, 2.0 ] }, "224_544": { "autotile": 1.0, "autotile_index": 0.0, "tileset": "tile_ruin", "coord": [ 5.0, 2.0 ] }, "-64_480": { "autotile": 1.0, "autotile_index": 0.0, "tileset": "tile_ruin", "coord": [ 1.0, 3.0 ] }, "832_416": { "autotile": 1.0, "autotile_index": 0.0, "tileset": "tile_ruin", "coord": [ 3.0, 11.0 ] }, "928_352": { "autotile": 1.0, "autotile_index": 0.0, "tileset": "tile_ruin", "coord": [ 3.0, 11.0 ] }, "192_256": { "autotile": 1.0, "autotile_index": 0.0, "tileset": "tile_ruin", "coord": [ 3.0, 11.0 ] }, "704_416": { "autotile": 1.0, "autotile_index": 0.0, "tileset": "tile_ruin", "coord": [ 3.0, 11.0 ] }, "896_128": { "autotile": 1.0, "autotile_index": 0.0, "tileset": "tile_ruin", "coord": [ 3.0, 11.0 ] }, "160_32": { "autotile": 1.0, "autotile_index": 0.0, "tileset": "tile_ruin", "coord": [ 1.0, 10.0 ] }, "832_128": { "autotile": 1.0, "autotile_index": 0.0, "tileset": "tile_ruin", "coord": [ 3.0, 11.0 ] }, "96_416": { "autotile": 1.0, "autotile_index": 0.0, "tileset": "tile_ruin", "coord": [ 3.0, 11.0 ] }, "768_224": { "autotile": 1.0, "autotile_index": 0.0, "tileset": "tile_ruin", "coord": [ 3.0, 11.0 ] }, "64_192": { "autotile": 1.0, "autotile_index": 0.0, "tileset": "tile_ruin", "coord": [ 3.0, 11.0 ] }, "512_448": { "autotile": 1.0, "autotile_index": 0.0, "tileset": "tile_medieval3", "coord": [ 2.0, 2.0 ] }, "704_448": { "autotile": 1.0, "autotile_index": 0.0, "tileset": "tile_ruin", "coord": [ 3.0, 11.0 ] }, "480_512": { "autotile": 1.0, "autotile_index": 0.0, "tileset": "tile_medieval3", "coord": [ 2.0, 2.0 ] }, "640_576": { "autotile": 1.0, "autotile_index": 0.0, "tileset": "tile_ruin", "coord": [ 1.0, 4.0 ] }, "-32_416": { "autotile": 1.0, "autotile_index": 0.0, "tileset": "tile_ruin", "coord": [ 2.0, 10.0 ] }, "576_480": { "autotile": 1.0, "autotile_index": 0.0, "tileset": "tile_medieval3", "coord": [ 2.0, 2.0 ] }, "960_352": { "autotile": 1.0, "autotile_index": 0.0, "tileset": "tile_ruin", "coord": [ 3.0, 11.0 ] }, "224_256": { "autotile": 1.0, "autotile_index": 0.0, "tileset": "tile_ruin", "coord": [ 5.0, 2.0 ] }, "-64_256": { "autotile": 1.0, "autotile_index": 0.0, "tileset": "tile_ruin", "coord": [ 1.0, 2.0 ] }, "256_512": { "autotile": 1.0, "autotile_index": 0.0, "tileset": "tile_medieval3", "coord": [ 1.0, 2.0 ] }, "928_128": { "autotile": 1.0, "autotile_index": 0.0, "tileset": "tile_ruin", "coord": [ 3.0, 11.0 ] }, "192_32": { "autotile": 1.0, "autotile_index": 0.0, "tileset": "tile_ruin", "coord": [ 2.0, 10.0 ] }, "864_576": { "autotile": 1.0, "autotile_index": 0.0, "tileset": "tile_ruin", "coord": [ 3.0, 4.0 ] }, "128_416": { "autotile": 1.0, "autotile_index": 0.0, "tileset": "tile_ruin", "coord": [ 3.0, 11.0 ] }, "800_576": { "autotile": 1.0, "autotile_index": 0.0, "tileset": "tile_ruin", "coord": [ 4.0, 4.0 ] }, "96_192": { "autotile": 1.0, "autotile_index": 0.0, "tileset": "tile_ruin", "coord": [ 3.0, 11.0 ] }, "768_0": { "autotile": 1.0, "autotile_index": 0.0, "tileset": "tile_ruin", "coord": [ 4.0, 0.0 ] }, "352_416": { "autotile": 1.0, "autotile_index": 0.0, "tileset": "tile_medieval3", "coord": [ 2.0, 1.0 ] }, "832_288": { "autotile": 1.0, "autotile_index": 0.0, "tileset": "tile_ruin", "coord": [ 3.0, 11.0 ] }, "992_512": { "autotile": 1.0, "autotile_index": 0.0, "tileset": "tile_ruin", "coord": [ 5.0, 1.0 ] }, "704_32": { "autotile": 1.0, "autotile_index": 0.0, "tileset": "tile_ruin", "coord": [ 1.0, 10.0 ] }, "0_352": { "autotile": 1.0, "autotile_index": 0.0, "tileset": "tile_ruin", "coord": [ 3.0, 11.0 ] }, "544_512": { "autotile": 1.0, "autotile_index": 0.0, "tileset": "tile_medieval3", "coord": [ 2.0, 2.0 ] }, "992_544": { "autotile": 1.0, "autotile_index": 0.0, "tileset": "tile_ruin", "coord": [ 5.0, 2.0 ] }, "640_288": { "autotile": 1.0, "autotile_index": 0.0, "tileset": "tile_ruin", "coord": [ 1.0, 2.0 ] }, "-32_192": { "autotile": 1.0, "autotile_index": 0.0, "tileset": "tile_ruin", "coord": [ 2.0, 10.0 ] }, "640_512": { "autotile": 1.0, "autotile_index": 0.0, "tileset": "tile_ruin", "coord": [ 1.0, 2.0 ] }, "960_128": { "autotile": 1.0, "autotile_index": 0.0, "tileset": "tile_ruin", "coord": [ 3.0, 11.0 ] }, "224_32": { "autotile": 1.0, "autotile_index": 0.0, "tileset": "tile_ruin", "coord": [ 5.0, 1.0 ] }, "-64_32": { "autotile": 1.0, "autotile_index": 0.0, "tileset": "tile_ruin", "coord": [ 1.0, 3.0 ] }, "832_352": { "autotile": 1.0, "autotile_index": 0.0, "tileset": "tile_ruin", "coord": [ 3.0, 11.0 ] }, "896_576": { "autotile": 1.0, "autotile_index": 0.0, "tileset": "tile_ruin", "coord": [ 3.0, 4.0 ] }, "160_416": { "autotile": 1.0, "autotile_index": 0.0, "tileset": "tile_ruin", "coord": [ 3.0, 11.0 ] }, "864_96": { "autotile": 1.0, "autotile_index": 0.0, "tileset": "tile_ruin", "coord": [ 3.0, 11.0 ] }, "448_416": { "autotile": 1.0, "autotile_index": 0.0, "tileset": "tile_medieval3", "coord": [ 2.0, 1.0 ] }, "128_192": { "autotile": 1.0, "autotile_index": 0.0, "tileset": "tile_ruin", "coord": [ 3.0, 11.0 ] }, "800_160": { "autotile": 1.0, "autotile_index": 0.0, "tileset": "tile_ruin", "coord": [ 3.0, 11.0 ] }, "736_224": { "autotile": 1.0, "autotile_index": 0.0, "tileset": "tile_ruin", "coord": [ 3.0, 11.0 ] }, "32_352": { "autotile": 1.0, "autotile_index": 0.0, "tileset": "tile_ruin", "coord": [ 3.0, 11.0 ] }, "288_448": { "autotile": 1.0, "autotile_index": 0.0, "tileset": "tile_medieval3", "coord": [ 2.0, 2.0 ] }, "672_416": { "autotile": 1.0, "autotile_index": 0.0, "tileset": "tile_ruin", "coord": [ 2.0, 10.0 ] }, "0_128": { "autotile": 1.0, "autotile_index": 0.0, "tileset": "tile_ruin", "coord": [ 3.0, 11.0 ] }, "256_480": { "autotile": 1.0, "autotile_index": 0.0, "tileset": "tile_medieval3", "coord": [ 1.0, 2.0 ] }, "992_192": { "autotile": 1.0, "autotile_index": 0.0, "tileset": "tile_ruin", "coord": [ 5.0, 1.0 ] }, "736_512": { "autotile": 1.0, "autotile_index": 0.0, "tileset": "tile_ruin", "coord": [ 3.0, 11.0 ] }, "928_576": { "autotile": 1.0, "autotile_index": 0.0, "tileset": "tile_ruin", "coord": [ 2.0, 4.0 ] }, "192_416": { "autotile": 1.0, "autotile_index": 0.0, "tileset": "tile_ruin", "coord": [ 3.0, 11.0 ] }, "864_480": { "autotile": 1.0, "autotile_index": 0.0, "tileset": "tile_ruin", "coord": [ 3.0, 11.0 ] }, "896_288": { "autotile": 1.0, "autotile_index": 0.0, "tileset": "tile_ruin", "coord": [ 3.0, 11.0 ] }, "160_192": { "autotile": 1.0, "autotile_index": 0.0, "tileset": "tile_ruin", "coord": [ 3.0, 11.0 ] }, "832_544": { "autotile": 1.0, "autotile_index": 0.0, "tileset": "tile_ruin", "coord": [ 4.0, 11.0 ] }, "704_192": { "autotile": 1.0, "autotile_index": 0.0, "tileset": "tile_ruin", "coord": [ 3.0, 11.0 ] }, "64_352": { "autotile": 1.0, "autotile_index": 0.0, "tileset": "tile_ruin", "coord": [ 3.0, 11.0 ] }, "672_224": { "autotile": 1.0, "autotile_index": 0.0, "tileset": "tile_ruin", "coord": [ 2.0, 10.0 ] }, "736_0": { "autotile": 1.0, "autotile_index": 0.0, "tileset": "tile_ruin", "coord": [ 4.0, 0.0 ] }, "320_448": { "autotile": 1.0, "autotile_index": 0.0, "tileset": "tile_medieval3", "coord": [ 2.0, 2.0 ] }, "32_128": { "autotile": 1.0, "autotile_index": 0.0, "tileset": "tile_ruin", "coord": [ 3.0, 11.0 ] }, "800_480": { "autotile": 1.0, "autotile_index": 0.0, "tileset": "tile_ruin", "coord": [ 3.0, 11.0 ] }, "672_64": { "autotile": 1.0, "autotile_index": 0.0, "tileset": "tile_ruin", "coord": [ 2.0, 10.0 ] }, "-32_576": { "autotile": 1.0, "autotile_index": 0.0, "tileset": "tile_ruin", "coord": [ 3.0, 4.0 ] }, "800_416": { "autotile": 1.0, "autotile_index": 0.0, "tileset": "tile_ruin", "coord": [ 3.0, 11.0 ] }, "992_-32": { "autotile": 1.0, "autotile_index": 0.0, "tileset": "tile_ruin", "coord": [ 4.0, 11.0 ] }, "224_416": { "autotile": 1.0, "autotile_index": 0.0, "tileset": "tile_ruin", "coord": [ 5.0, 1.0 ] }, "-64_416": { "autotile": 1.0, "autotile_index": 0.0, "tileset": "tile_ruin", "coord": [ 1.0, 1.0 ] }, "512_480": { "autotile": 1.0, "autotile_index": 0.0, "tileset": "tile_medieval3", "coord": [ 8.0, 1.0 ] }, "928_288": { "autotile": 1.0, "autotile_index": 0.0, "tileset": "tile_ruin", "coord": [ 3.0, 11.0 ] }, "192_192": { "autotile": 1.0, "autotile_index": 0.0, "tileset": "tile_ruin", "coord": [ 3.0, 11.0 ] }, "896_64": { "autotile": 1.0, "autotile_index": 0.0, "tileset": "tile_ruin", "coord": [ 3.0, 11.0 ] }, "832_64": { "autotile": 1.0, "autotile_index": 0.0, "tileset": "tile_ruin", "coord": [ 3.0, 11.0 ] }, "416_448": { "autotile": 1.0, "autotile_index": 0.0, "tileset": "tile_medieval3", "coord": [ 2.0, 2.0 ] }, "96_352": { "autotile": 1.0, "autotile_index": 0.0, "tileset": "tile_ruin", "coord": [ 3.0, 11.0 ] }, "768_160": { "autotile": 1.0, "autotile_index": 0.0, "tileset": "tile_ruin", "coord": [ 3.0, 11.0 ] }, "64_128": { "autotile": 1.0, "autotile_index": 0.0, "tileset": "tile_ruin", "coord": [ 3.0, 11.0 ] }, "256_448": { "autotile": 1.0, "autotile_index": 0.0, "tileset": "tile_medieval3", "coord": [ 1.0, 2.0 ] }, "704_320": { "autotile": 1.0, "autotile_index": 0.0, "tileset": "tile_ruin", "coord": [ 3.0, 11.0 ] }, "0_576": { "autotile": 1.0, "autotile_index": 0.0, "tileset": "tile_ruin", "coord": [ 3.0, 4.0 ] }, "736_448": { "autotile": 1.0, "autotile_index": 0.0, "tileset": "tile_ruin", "coord": [ 3.0, 11.0 ] }, "640_448": { "autotile": 1.0, "autotile_index": 0.0, "tileset": "tile_ruin", "coord": [ 1.0, 3.0 ] }, "256_544": { "autotile": 1.0, "autotile_index": 0.0, "tileset": "tile_medieval3", "coord": [ 1.0, 3.0 ] }, "-32_352": { "autotile": 1.0, "autotile_index": 0.0, "tileset": "tile_ruin", "coord": [ 2.0, 10.0 ] }, "288_512": { "autotile": 1.0, "autotile_index": 0.0, "tileset": "tile_medieval3", "coord": [ 2.0, 2.0 ] }, "960_288": { "autotile": 1.0, "autotile_index": 0.0, "tileset": "tile_ruin", "coord": [ 3.0, 11.0 ] }, "224_192": { "autotile": 1.0, "autotile_index": 0.0, "tileset": "tile_ruin", "coord": [ 5.0, 3.0 ] }, "-64_192": { "autotile": 1.0, "autotile_index": 0.0, "tileset": "tile_ruin", "coord": [ 1.0, 2.0 ] }, "864_416": { "autotile": 1.0, "autotile_index": 0.0, "tileset": "tile_ruin", "coord": [ 3.0, 11.0 ] }, "928_64": { "autotile": 1.0, "autotile_index": 0.0, "tileset": "tile_ruin", "coord": [ 3.0, 11.0 ] }, "864_256": { "autotile": 1.0, "autotile_index": 0.0, "tileset": "tile_ruin", "coord": [ 3.0, 11.0 ] }, "128_352": { "autotile": 1.0, "autotile_index": 0.0, "tileset": "tile_ruin", "coord": [ 3.0, 11.0 ] }, "800_320": { "autotile": 1.0, "autotile_index": 0.0, "tileset": "tile_ruin", "coord": [ 3.0, 11.0 ] }, "96_128": { "autotile": 1.0, "autotile_index": 0.0, "tileset": "tile_ruin", "coord": [ 3.0, 11.0 ] }, "640_192": { "autotile": 1.0, "autotile_index": 0.0, "tileset": "tile_ruin", "coord": [ 1.0, 3.0 ] }, "32_576": { "autotile": 1.0, "autotile_index": 0.0, "tileset": "tile_ruin", "coord": [ 3.0, 4.0 ] }, "864_288": { "autotile": 1.0, "autotile_index": 0.0, "tileset": "tile_ruin", "coord": [ 3.0, 11.0 ] }, "0_288": { "autotile": 1.0, "autotile_index": 0.0, "tileset": "tile_ruin", "coord": [ 3.0, 11.0 ] }, "64_512": { "autotile": 1.0, "autotile_index": 0.0, "tileset": "tile_ruin", "coord": [ 3.0, 11.0 ] }, "992_352": { "autotile": 1.0, "autotile_index": 0.0, "tileset": "tile_ruin", "coord": [ 5.0, 3.0 ] }, "640_96": { "autotile": 1.0, "autotile_index": 0.0, "tileset": "tile_ruin", "coord": [ 1.0, 2.0 ] }, "-32_128": { "autotile": 1.0, "autotile_index": 0.0, "tileset": "tile_ruin", "coord": [ 2.0, 10.0 ] }, "672_512": { "autotile": 1.0, "autotile_index": 0.0, "tileset": "tile_ruin", "coord": [ 2.0, 10.0 ] }, "960_64": { "autotile": 1.0, "autotile_index": 0.0, "tileset": "tile_ruin", "coord": [ 3.0, 11.0 ] }, "832_448": { "autotile": 1.0, "autotile_index": 0.0, "tileset": "tile_ruin", "coord": [ 3.0, 11.0 ] }, "896_448": { "autotile": 1.0, "autotile_index": 0.0, "tileset": "tile_ruin", "coord": [ 3.0, 11.0 ] }, "160_352": { "autotile": 1.0, "autotile_index": 0.0, "tileset": "tile_ruin", "coord": [ 3.0, 11.0 ] }, "864_32": { "autotile": 1.0, "autotile_index": 0.0, "tileset": "tile_ruin", "coord": [ 1.0, 10.0 ] }, "128_128": { "autotile": 1.0, "autotile_index": 0.0, "tileset": "tile_ruin", "coord": [ 3.0, 11.0 ] }, "704_160": { "autotile": 1.0, "autotile_index": 0.0, "tileset": "tile_ruin", "coord": [ 3.0, 11.0 ] }, "800_96": { "autotile": 1.0, "autotile_index": 0.0, "tileset": "tile_ruin", "coord": [ 3.0, 11.0 ] }, "384_544": { "autotile": 1.0, "autotile_index": 0.0, "tileset": "tile_medieval3", "coord": [ 2.0, 3.0 ] }, "64_576": { "autotile": 1.0, "autotile_index": 0.0, "tileset": "tile_ruin", "coord": [ 4.0, 4.0 ] }, "736_160": { "autotile": 1.0, "autotile_index": 0.0, "tileset": "tile_ruin", "coord": [ 3.0, 11.0 ] }, "32_288": { "autotile": 1.0, "autotile_index": 0.0, "tileset": "tile_ruin", "coord": [ 3.0, 11.0 ] }, "640_224": { "autotile": 1.0, "autotile_index": 0.0, "tileset": "tile_ruin", "coord": [ 1.0, 1.0 ] }, "672_352": { "autotile": 1.0, "autotile_index": 0.0, "tileset": "tile_ruin", "coord": [ 2.0, 10.0 ] }, "0_64": { "autotile": 1.0, "autotile_index": 0.0, "tileset": "tile_ruin", "coord": [ 3.0, 11.0 ] }, "384_480": { "autotile": 1.0, "autotile_index": 0.0, "tileset": "tile_medieval3", "coord": [ 8.0, 1.0 ] }, "992_128": { "autotile": 1.0, "autotile_index": 0.0, "tileset": "tile_ruin", "coord": [ 5.0, 2.0 ] }, "608_544": { "autotile": 1.0, "autotile_index": 0.0, "tileset": "tile_medieval3", "coord": [ 3.0, 3.0 ] }, "-64_576": { "autotile": 1.0, "autotile_index": 0.0, "tileset": "tile_ruin", "coord": [ 1.0, 4.0 ] }, "832_512": { "autotile": 1.0, "autotile_index": 0.0, "tileset": "tile_ruin", "coord": [ 3.0, 11.0 ] }, "928_448": { "autotile": 1.0, "autotile_index": 0.0, "tileset": "tile_ruin", "coord": [ 3.0, 11.0 ] }, "192_352": { "autotile": 1.0, "autotile_index": 0.0, "tileset": "tile_ruin", "coord": [ 3.0, 11.0 ] }, "800_448": { "autotile": 1.0, "autotile_index": 0.0, "tileset": "tile_ruin", "coord": [ 3.0, 11.0 ] }, "896_224": { "autotile": 1.0, "autotile_index": 0.0, "tileset": "tile_ruin", "coord": [ 3.0, 11.0 ] }, "160_128": { "autotile": 1.0, "autotile_index": 0.0, "tileset": "tile_ruin", "coord": [ 3.0, 11.0 ] }, "832_224": { "autotile": 1.0, "autotile_index": 0.0, "tileset": "tile_ruin", "coord": [ 3.0, 11.0 ] }, "96_576": { "autotile": 1.0, "autotile_index": 0.0, "tileset": "tile_ruin", "coord": [ 2.0, 4.0 ] }, "960_448": { "autotile": 1.0, "autotile_index": 0.0, "tileset": "tile_ruin", "coord": [ 3.0, 11.0 ] }, "768_544": { "autotile": 1.0, "autotile_index": 0.0, "tileset": "tile_ruin", "coord": [ 4.0, 11.0 ] }, "64_288": { "autotile": 1.0, "autotile_index": 0.0, "tileset": "tile_ruin", "coord": [ 3.0, 11.0 ] }, "32_64": { "autotile": 1.0, "autotile_index": 0.0, "tileset": "tile_ruin", "coord": [ 3.0, 11.0 ] }, "416_512": { "autotile": 1.0, "autotile_index": 0.0, "tileset": "tile_medieval3", "coord": [ 2.0, 2.0 ] }, "672_0": { "autotile": 1.0, "autotile_index": 0.0, "tileset": "tile_ruin", "coord": [ 2.0, 0.0 ] }, "-32_512": { "autotile": 1.0, "autotile_index": 0.0, "tileset": "tile_ruin", "coord": [ 2.0, 10.0 ] }, "448_480": { "autotile": 1.0, "autotile_index": 0.0, "tileset": "tile_medieval3", "coord": [ 8.0, 1.0 ] }, "960_576": { "autotile": 1.0, "autotile_index": 0.0, "tileset": "tile_ruin", "coord": [ 4.0, 4.0 ] }, "224_352": { "autotile": 1.0, "autotile_index": 0.0, "tileset": "tile_ruin", "coord": [ 5.0, 1.0 ] }, "-64_352": { "autotile": 1.0, "autotile_index": 0.0, "tileset": "tile_ruin", "coord": [ 1.0, 1.0 ] }, "96_512": { "autotile": 1.0, "autotile_index": 0.0, "tileset": "tile_ruin", "coord": [ 3.0, 11.0 ] }, "928_224": { "autotile": 1.0, "autotile_index": 0.0, "tileset": "tile_ruin", "coord": [ 3.0, 11.0 ] }, "192_128": { "autotile": 1.0, "autotile_index": 0.0, "tileset": "tile_ruin", "coord": [ 3.0, 11.0 ] }, "896_0": { "autotile": 1.0, "autotile_index": 0.0, "tileset": "tile_ruin", "coord": [ 4.0, 0.0 ] }, "128_576": { "autotile": 1.0, "autotile_index": 0.0, "tileset": "tile_ruin", "coord": [ 3.0, 4.0 ] }, "832_0": { "autotile": 1.0, "autotile_index": 0.0, "tileset": "tile_ruin", "coord": [ 2.0, 0.0 ] }, "96_288": { "autotile": 1.0, "autotile_index": 0.0, "tileset": "tile_ruin", "coord": [ 3.0, 11.0 ] }, "768_96": { "autotile": 1.0, "autotile_index": 0.0, "tileset": "tile_ruin", "coord": [ 3.0, 11.0 ] }, "64_64": { "autotile": 1.0, "autotile_index": 0.0, "tileset": "tile_ruin", "coord": [ 3.0, 11.0 ] }, "288_416": { "autotile": 1.0, "autotile_index": 0.0, "tileset": "tile_medieval3", "coord": [ 2.0, 1.0 ] }, "704_128": { "autotile": 1.0, "autotile_index": 0.0, "tileset": "tile_ruin", "coord": [ 3.0, 11.0 ] }, "0_448": { "autotile": 1.0, "autotile_index": 0.0, "tileset": "tile_ruin", "coord": [ 3.0, 11.0 ] }, "864_384": { "autotile": 1.0, "autotile_index": 0.0, "tileset": "tile_ruin", "coord": [ 3.0, 11.0 ] }, "640_384": { "autotile": 1.0, "autotile_index": 0.0, "tileset": "tile_ruin", "coord": [ 1.0, 3.0 ] }, "-32_288": { "autotile": 1.0, "autotile_index": 0.0, "tileset": "tile_ruin", "coord": [ 2.0, 10.0 ] }, "768_448": { "autotile": 1.0, "autotile_index": 0.0, "tileset": "tile_ruin", "coord": [ 3.0, 11.0 ] }, "960_224": { "autotile": 1.0, "autotile_index": 0.0, "tileset": "tile_ruin", "coord": [ 3.0, 11.0 ] }, "224_128": { "autotile": 1.0, "autotile_index": 0.0, "tileset": "tile_ruin", "coord": [ 5.0, 1.0 ] }, "-64_128": { "autotile": 1.0, "autotile_index": 0.0, "tileset": "tile_ruin", "coord": [ 1.0, 2.0 ] }, "32_480": { "autotile": 1.0, "autotile_index": 0.0, "tileset": "tile_ruin", "coord": [ 3.0, 11.0 ] }, "928_0": { "autotile": 1.0, "autotile_index": 0.0, "tileset": "tile_ruin", "coord": [ 4.0, 0.0 ] }, "160_576": { "autotile": 1.0, "autotile_index": 0.0, "tileset": "tile_ruin", "coord": [ 3.0, 4.0 ] }, "864_192": { "autotile": 1.0, "autotile_index": 0.0, "tileset": "tile_ruin", "coord": [ 3.0, 11.0 ] }, "128_288": { "autotile": 1.0, "autotile_index": 0.0, "tileset": "tile_ruin", "coord": [ 3.0, 11.0 ] }, "960_416": { "autotile": 1.0, "autotile_index": 0.0, "tileset": "tile_ruin", "coord": [ 3.0, 11.0 ] }, "800_256": { "autotile": 1.0, "autotile_index": 0.0, "tileset": "tile_ruin", "coord": [ 3.0, 11.0 ] }, "96_64": { "autotile": 1.0, "autotile_index": 0.0, "tileset": "tile_ruin", "coord": [ 3.0, 11.0 ] }, "736_544": { "autotile": 1.0, "autotile_index": 0.0, "tileset": "tile_ruin", "coord": [ 4.0, 11.0 ] }, "32_448": { "autotile": 1.0, "autotile_index": 0.0, "tileset": "tile_ruin", "coord": [ 3.0, 11.0 ] }, "512_416": { "autotile": 1.0, "autotile_index": 0.0, "tileset": "tile_medieval3", "coord": [ 2.0, 1.0 ] }, "768_256": { "autotile": 1.0, "autotile_index": 0.0, "tileset": "tile_ruin", "coord": [ 3.0, 11.0 ] }, "672_576": { "autotile": 1.0, "autotile_index": 0.0, "tileset": "tile_ruin", "coord": [ 2.0, 4.0 ] }, "288_544": { "autotile": 1.0, "autotile_index": 0.0, "tileset": "tile_medieval3", "coord": [ 2.0, 3.0 ] }, "0_224": { "autotile": 1.0, "autotile_index": 0.0, "tileset": "tile_ruin", "coord": [ 3.0, 11.0 ] }, "864_352": { "autotile": 1.0, "autotile_index": 0.0, "tileset": "tile_ruin", "coord": [ 3.0, 11.0 ] }, "992_288": { "autotile": 1.0, "autotile_index": 0.0, "tileset": "tile_ruin", "coord": [ 5.0, 3.0 ] }, "640_32": { "autotile": 1.0, "autotile_index": 0.0, "tileset": "tile_ruin", "coord": [ 1.0, 1.0 ] }, "-32_64": { "autotile": 1.0, "autotile_index": 0.0, "tileset": "tile_ruin", "coord": [ 2.0, 10.0 ] }, "288_480": { "autotile": 1.0, "autotile_index": 0.0, "tileset": "tile_medieval3", "coord": [ 2.0, 2.0 ] }, "960_0": { "autotile": 1.0, "autotile_index": 0.0, "tileset": "tile_ruin", "coord": [ 4.0, 0.0 ] }, "192_576": { "autotile": 1.0, "autotile_index": 0.0, "tileset": "tile_ruin", "coord": [ 4.0, 4.0 ] }, "0_512": { "autotile": 1.0, "autotile_index": 0.0, "tileset": "tile_ruin", "coord": [ 3.0, 11.0 ] }, "896_384": { "autotile": 1.0, "autotile_index": 0.0, "tileset": "tile_ruin", "coord": [ 3.0, 11.0 ] }, "160_288": { "autotile": 1.0, "autotile_index": 0.0, "tileset": "tile_ruin", "coord": [ 3.0, 11.0 ] }, "128_64": { "autotile": 1.0, "autotile_index": 0.0, "tileset": "tile_ruin", "coord": [ 3.0, 11.0 ] }, "800_32": { "autotile": 1.0, "autotile_index": 0.0, "tileset": "tile_ruin", "coord": [ 1.0, 10.0 ] }, "384_416": { "autotile": 1.0, "autotile_index": 0.0, "tileset": "tile_medieval3", "coord": [ 2.0, 1.0 ] }, "64_448": { "autotile": 1.0, "autotile_index": 0.0, "tileset": "tile_ruin", "coord": [ 3.0, 11.0 ] }, "736_96": { "autotile": 1.0, "autotile_index": 0.0, "tileset": "tile_ruin", "coord": [ 3.0, 11.0 ] }, "32_224": { "autotile": 1.0, "autotile_index": 0.0, "tileset": "tile_ruin", "coord": [ 3.0, 11.0 ] }, "800_384": { "autotile": 1.0, "autotile_index": 0.0, "tileset": "tile_ruin", "coord": [ 3.0, 11.0 ] }, "672_288": { "autotile": 1.0, "autotile_index": 0.0, "tileset": "tile_ruin", "coord": [ 2.0, 10.0 ] }, "0_0": { "autotile": 1.0, "autotile_index": 0.0, "tileset": "tile_ruin", "coord": [ 2.0, 0.0 ] }, "0_480": { "autotile": 1.0, "autotile_index": 0.0, "tileset": "tile_ruin", "coord": [ 3.0, 11.0 ] }, "992_64": { "autotile": 1.0, "autotile_index": 0.0, "tileset": "tile_ruin", "coord": [ 5.0, 1.0 ] }, "608_416": { "autotile": 1.0, "autotile_index": 0.0, "tileset": "tile_medieval3", "coord": [ 3.0, 1.0 ] }, "224_576": { "autotile": 1.0, "autotile_index": 0.0, "tileset": "tile_ruin", "coord": [ 5.0, 4.0 ] }, "-64_512": { "autotile": 1.0, "autotile_index": 0.0, "tileset": "tile_ruin", "coord": [ 1.0, 2.0 ] }, "832_480": { "autotile": 1.0, "autotile_index": 0.0, "tileset": "tile_ruin", "coord": [ 3.0, 11.0 ] }, "928_384": { "autotile": 1.0, "autotile_index": 0.0, "tileset": "tile_ruin", "coord": [ 3.0, 11.0 ] }, "544_544": { "autotile": 1.0, "autotile_index": 0.0, "tileset": "tile_medieval3", "coord": [ 2.0, 3.0 ] }, "192_288": { "autotile": 1.0, "autotile_index": 0.0, "tileset": "tile_ruin", "coord": [ 3.0, 11.0 ] } } }, "backgrounds": { "5": { "x": 0.0, "scroll_x": 0.69999999999999995559107901499374, "panic_sprite": -1.0, "tile_y": 1.0, "hspeed": 1.0, "scroll_y": 0.69999999999999995559107901499374, "y": 0.0, "sprite": "bg_ruincloud", "tile_x": 1.0, "vspeed": 0.0, "image_speed": 0.0 }, "6": { "x": 24.0, "scroll_x": 0.84999999999999997779553950749687, "panic_sprite": -1.0, "tile_y": 0.0, "hspeed": 0.0, "scroll_y": 0.84999999999999997779553950749687, "y": 45.0, "sprite": "bg_ruinpizzafacestatue", "tile_x": 1.0, "vspeed": 0.0, "image_speed": 0.0 }, "7": { "x": 9.0, "scroll_x": 0.80000000000000004440892098500626, "panic_sprite": -1.0, "tile_y": 0.0, "hspeed": 0.0, "scroll_y": 0.80000000000000004440892098500626, "y": 207.0, "sprite": "bg_ruinpizzafacestatue2", "tile_x": 1.0, "vspeed": 0.0, "image_speed": 0.0 }, "8": { "x": 0.0, "scroll_x": 1.0, "panic_sprite": -1.0, "tile_y": 1.0, "hspeed": 0.0, "scroll_y": 1.0, "y": 0.0, "sprite": "bg_medieval3", "tile_x": 1.0, "vspeed": 0.0, "image_speed": 0.0 } }, "properties": { "song": "event:\/music\/hub.3", "roomX": 0.0, "levelWidth": 960.0, "roomY": 0.0, "levelHeight": 540.0, "songTransitionTime": 100.0 } }