{ "editorVersion": 4.0, "instances": [ { "layer": 1.0, "deleted": 0.0, "variables": { "x": 480.0, "y": 160.0 }, "object": 770.0 }, { "layer": 1.0, "deleted": 0.0, "variables": { "x": 224.0, "y": 288.0, "image_xscale": 16.0, "image_yscale": 3.0 }, "object": 517.0 }, { "layer": 2.0, "deleted": 0.0, "variables": { "x": 480.0, "y": 256.0 }, "object": 804.0 }, { "layer": 2.0, "deleted": 0.0, "variables": { "x": -32.0, "y": -32.0, "image_xscale": 1.0, "image_yscale": 52.0 }, "object": 517.0 }, { "layer": 2.0, "deleted": 0.0, "variables": { "x": 960.0, "y": -32.0, "image_xscale": 1.0, "image_yscale": 52.0 }, "object": 517.0 }, { "layer": 2.0, "deleted": 0.0, "variables": { "x": 0.0, "y": 480.0, "image_xscale": 12.0, "image_yscale": 1.0 }, "object": 517.0 }, { "layer": 2.0, "deleted": 0.0, "variables": { "x": 576.0, "y": 480.0, "image_xscale": 12.0, "image_yscale": 1.0 }, "object": 517.0 }, { "layer": 2.0, "deleted": 0.0, "variables": { "x": 125.0, "y": 434.0 }, "object": 656.0 }, { "layer": 2.0, "deleted": 0.0, "variables": { "x": 832.0, "flipX": 0.0, "y": 434.0, "flipY": 0.0 }, "object": 646.0 }, { "layer": 2.0, "deleted": 0.0, "variables": { "x": 320.0, "content": "obj_pizzakinshroom", "y": 448.0 }, "object": 751.0 }, { "layer": 2.0, "deleted": 0.0, "variables": { "x": 384.0, "y": 512.0 }, "object": 724.0 }, { "layer": 2.0, "deleted": 0.0, "variables": { "x": 384.0, "y": 480.0 }, "object": 724.0 }, { "layer": 2.0, "deleted": 0.0, "variables": { "x": 384.0, "y": 480.0, "image_xscale": 6.0, "image_yscale": 1.0 }, "object": 722.0 }, { "layer": 2.0, "deleted": 0.0, "variables": { "x": 224.0, "y": 704.0, "image_xscale": 16.0, "image_yscale": 4.0 }, "object": 517.0 }, { "layer": 2.0, "deleted": 0.0, "variables": { "x": 296.0, "y": 656.0 }, "object": 160.0 }, { "layer": 2.0, "deleted": 0.0, "variables": { "x": 480.0, "content": "obj_pizzakincheese", "y": 672.0 }, "object": 751.0 }, { "layer": 2.0, "deleted": 0.0, "variables": { "x": 736.0, "y": 832.0 }, "object": 598.0 }, { "layer": 2.0, "deleted": 0.0, "variables": { "x": 672.0, "y": 832.0, "image_xscale": 2.0, "image_yscale": 5.0 }, "object": 517.0 }, { "layer": 2.0, "deleted": 0.0, "variables": { "x": 800.0, "y": 512.0, "image_xscale": 2.0, "image_yscale": 12.0 }, "object": 517.0 }, { "layer": 2.0, "deleted": 0.0, "variables": { "x": 914.0, "y": 612.0, "targetRoom": "secret" }, "object": 98.0 }, { "layer": 2.0, "deleted": 0.0, "variables": { "x": 47.0, "y": 562.0, "targetRoom": "secret" }, "object": 98.0 }, { "layer": 2.0, "deleted": 0.0, "variables": { "x": 0.0, "y": 960.0, "image_xscale": 16.0, "image_yscale": 2.0 }, "object": 517.0 }, { "layer": 2.0, "deleted": 0.0, "variables": { "x": 576.0, "y": 1056.0, "image_xscale": 12.0, "image_yscale": 2.0 }, "object": 517.0 }, { "layer": 2.0, "deleted": 0.0, "variables": { "x": 479.0, "y": 913.0 }, "object": 681.0 }, { "layer": 2.0, "deleted": 0.0, "variables": { "x": 173.0, "y": 913.0 }, "object": 681.0 }, { "layer": 2.0, "deleted": 0.0, "variables": { "x": 352.0, "content": "obj_pizzakintomato", "y": 928.0 }, "object": 751.0 }, { "layer": 2.0, "deleted": 0.0, "variables": { "x": 544.0, "y": 1216.0, "image_xscale": 13.0, "image_yscale": 3.0 }, "object": 517.0 }, { "layer": 2.0, "deleted": 0.0, "variables": { "x": 448.0, "y": 1216.0, "image_xscale": 3.0, "image_yscale": 1.0 }, "object": 516.0 }, { "layer": 2.0, "deleted": 0.0, "variables": { "x": 352.0, "y": 1248.0, "image_xscale": 3.0, "image_yscale": 1.0 }, "object": 516.0 }, { "layer": 2.0, "deleted": 0.0, "variables": { "x": 256.0, "y": 1280.0, "image_xscale": 3.0, "image_yscale": 1.0 }, "object": 516.0 }, { "layer": 2.0, "deleted": 0.0, "variables": { "x": 160.0, "y": 1312.0, "image_xscale": 3.0, "image_yscale": 1.0 }, "object": 516.0 }, { "layer": 2.0, "deleted": 0.0, "variables": { "x": 128.0, "y": 1344.0, "image_xscale": 26.0, "image_yscale": 2.0 }, "object": 517.0 }, { "layer": 2.0, "deleted": 0.0, "variables": { "x": 896.0, "content": "obj_pizzakinsausage", "y": 1184.0 }, "object": 751.0 }, { "layer": 2.0, "deleted": 0.0, "variables": { "x": 64.0, "y": 1088.0, "targetRoom": "secret" }, "object": 98.0 }, { "layer": 2.0, "deleted": 0.0, "variables": { "x": 0.0, "y": 1632.0, "image_xscale": 30.0, "image_yscale": 1.0 }, "object": 517.0 }, { "layer": 2.0, "deleted": 0.0, "variables": { "x": 751.0, "flipX": 1.0, "y": 1520.0 }, "object": 769.0 }, { "layer": 2.0, "deleted": 0.0, "variables": { "x": 928.0, "content": "obj_pizzakinpineapple", "y": 1472.0 }, "object": 751.0 }, { "layer": 2.0, "deleted": 0.0, "variables": { "x": 896.0, "y": 1504.0, "image_xscale": 2.0, "image_yscale": 1.0 }, "object": 722.0 }, { "layer": 2.0, "deleted": 0.0, "variables": { "x": 466.0, "y": 1586.0 }, "object": 688.0 }, { "layer": 2.0, "deleted": 0.0, "variables": { "x": 142.0, "y": 1585.0 }, "object": 646.0 }, { "layer": 2.0, "deleted": 0.0, "variables": { "x": 289.0, "y": 1585.0 }, "object": 646.0 }, { "layer": 3.0, "deleted": 0.0, "variables": { "x": 640.0, "y": 224.0 }, "object": 752.0 }, { "layer": 3.0, "deleted": 0.0, "variables": { "x": 672.0, "y": 192.0 }, "object": 752.0 }, { "layer": 3.0, "deleted": 0.0, "variables": { "x": 640.0, "y": 192.0 }, "object": 752.0 }, { "layer": 3.0, "deleted": 0.0, "variables": { "x": 608.0, "y": 192.0 }, "object": 752.0 }, { "layer": 3.0, "deleted": 0.0, "variables": { "x": 608.0, "y": 224.0 }, "object": 752.0 }, { "layer": 3.0, "deleted": 0.0, "variables": { "x": 672.0, "y": 224.0 }, "object": 752.0 }, { "layer": 3.0, "deleted": 0.0, "variables": { "x": 192.0, "y": 416.0 }, "object": 752.0 }, { "layer": 3.0, "deleted": 0.0, "variables": { "x": 224.0, "y": 416.0 }, "object": 752.0 }, { "layer": 3.0, "deleted": 0.0, "variables": { "x": 672.0, "y": 640.0 }, "object": 752.0 }, { "layer": 3.0, "deleted": 0.0, "variables": { "x": 704.0, "y": 640.0 }, "object": 752.0 }, { "layer": 3.0, "deleted": 0.0, "variables": { "x": 704.0, "y": 608.0 }, "object": 752.0 }, { "layer": 3.0, "deleted": 0.0, "variables": { "x": 672.0, "y": 608.0 }, "object": 752.0 }, { "layer": 3.0, "deleted": 0.0, "variables": { "x": 96.0, "y": 736.0 }, "object": 752.0 }, { "layer": 3.0, "deleted": 0.0, "variables": { "x": 96.0, "y": 768.0 }, "object": 752.0 }, { "layer": 3.0, "deleted": 0.0, "variables": { "x": 96.0, "y": 800.0 }, "object": 752.0 }, { "layer": 3.0, "deleted": 0.0, "variables": { "x": 64.0, "y": 800.0 }, "object": 752.0 }, { "layer": 3.0, "deleted": 0.0, "variables": { "x": 64.0, "y": 768.0 }, "object": 752.0 }, { "layer": 3.0, "deleted": 0.0, "variables": { "x": 64.0, "y": 736.0 }, "object": 752.0 }, { "layer": 3.0, "deleted": 0.0, "variables": { "x": 480.0, "y": 1152.0 }, "object": 752.0 }, { "layer": 3.0, "deleted": 0.0, "variables": { "x": 416.0, "y": 1184.0 }, "object": 752.0 }, { "layer": 3.0, "deleted": 0.0, "variables": { "x": 352.0, "y": 1216.0 }, "object": 752.0 }, { "layer": 3.0, "deleted": 0.0, "variables": { "x": 288.0, "y": 1248.0 }, "object": 752.0 }, { "layer": 3.0, "deleted": 0.0, "variables": { "x": 224.0, "y": 1280.0 }, "object": 752.0 }, { "layer": 3.0, "deleted": 0.0, "variables": { "x": 0.0, "y": 1248.0 }, "object": 752.0 }, { "layer": 3.0, "deleted": 0.0, "variables": { "x": 0.0, "y": 1280.0 }, "object": 752.0 }, { "layer": 3.0, "deleted": 0.0, "variables": { "x": 0.0, "y": 1216.0 }, "object": 752.0 }, { "layer": 3.0, "deleted": 0.0, "variables": { "x": 0.0, "y": 1184.0 }, "object": 752.0 }, { "layer": 3.0, "deleted": 0.0, "variables": { "x": 352.0, "y": 1568.0 }, "object": 752.0 }, { "layer": 3.0, "deleted": 0.0, "variables": { "x": 320.0, "y": 1568.0 }, "object": 752.0 }, { "layer": 3.0, "deleted": 0.0, "variables": { "x": 384.0, "y": 1568.0 }, "object": 752.0 }, { "layer": 3.0, "deleted": 0.0, "variables": { "x": 192.0, "y": 1568.0 }, "object": 752.0 }, { "layer": 3.0, "deleted": 0.0, "variables": { "x": 224.0, "y": 1568.0 }, "object": 752.0 }, { "layer": 3.0, "deleted": 0.0, "variables": { "x": 160.0, "y": 1568.0 }, "object": 752.0 }, { "layer": 3.0, "deleted": 0.0, "variables": { "x": 64.0, "y": 1472.0 }, "object": 551.0 }, { "layer": 3.0, "deleted": 0.0, "variables": { "x": 736.0, "y": 544.0 }, "object": 551.0 }, { "layer": 3.0, "deleted": 0.0, "variables": { "x": 288.0, "y": 128.0 }, "object": 551.0 }, { "layer": 3.0, "deleted": 0.0, "variables": { "x": 96.0, "y": 288.0 }, "object": 11.0 }, { "layer": 3.0, "deleted": 0.0, "variables": { "x": 128.0, "y": 288.0 }, "object": 11.0 }, { "layer": 3.0, "deleted": 0.0, "variables": { "x": 128.0, "y": 320.0 }, "object": 11.0 }, { "layer": 3.0, "deleted": 0.0, "variables": { "x": 96.0, "y": 320.0 }, "object": 11.0 }, { "layer": 3.0, "deleted": 0.0, "variables": { "x": 832.0, "y": 320.0 }, "object": 11.0 }, { "layer": 3.0, "deleted": 0.0, "variables": { "x": 832.0, "y": 288.0 }, "object": 11.0 }, { "layer": 3.0, "deleted": 0.0, "variables": { "x": 864.0, "y": 288.0 }, "object": 11.0 }, { "layer": 3.0, "deleted": 0.0, "variables": { "x": 864.0, "y": 320.0 }, "object": 11.0 }, { "layer": 2.0, "deleted": 0.0, "variables": { "x": 384.0, "y": 544.0 }, "object": 724.0 }, { "layer": 2.0, "deleted": 0.0, "variables": { "x": 384.0, "y": 576.0 }, "object": 724.0 }, { "layer": 2.0, "deleted": 0.0, "variables": { "x": 384.0, "y": 608.0 }, "object": 724.0 }, { "layer": 2.0, "deleted": 0.0, "variables": { "x": 384.0, "y": 640.0 }, "object": 724.0 }, { "layer": 2.0, "deleted": 0.0, "variables": { "x": 384.0, "y": 672.0 }, "object": 724.0 }, { "layer": 2.0, "deleted": 0.0, "variables": { "x": 544.0, "y": 480.0 }, "object": 724.0 }, { "layer": 2.0, "deleted": 0.0, "variables": { "x": 544.0, "y": 512.0 }, "object": 724.0 }, { "layer": 2.0, "deleted": 0.0, "variables": { "x": 544.0, "y": 544.0 }, "object": 724.0 }, { "layer": 2.0, "deleted": 0.0, "variables": { "x": 544.0, "y": 576.0 }, "object": 724.0 }, { "layer": 2.0, "deleted": 0.0, "variables": { "x": 544.0, "y": 608.0 }, "object": 724.0 }, { "layer": 2.0, "deleted": 0.0, "variables": { "x": 544.0, "y": 640.0 }, "object": 724.0 }, { "layer": 2.0, "deleted": 0.0, "variables": { "x": 544.0, "y": 672.0 }, "object": 724.0 }, { "layer": 2.0, "deleted": 0.0, "variables": { "x": 576.0, "y": 992.0, "image_xscale": 1.0, "image_yscale": 1.0 }, "object": 738.0 }, { "layer": 2.0, "deleted": 0.0, "variables": { "x": 576.0, "y": 960.0 }, "object": 738.0 }, { "layer": 2.0, "deleted": 0.0, "variables": { "x": 544.0, "y": 960.0 }, "object": 738.0 }, { "layer": 2.0, "deleted": 0.0, "variables": { "x": 544.0, "y": 992.0, "image_xscale": 1.0, "image_yscale": 1.0 }, "object": 738.0 }, { "layer": 2.0, "deleted": 0.0, "variables": { "x": 512.0, "y": 960.0 }, "object": 738.0 }, { "layer": 2.0, "deleted": 0.0, "variables": { "x": 512.0, "y": 992.0 }, "object": 738.0 }, { "layer": 2.0, "deleted": 0.0, "variables": { "x": 576.0, "flipX": 0.0, "y": 608.0, "flipY": 0.0, "targetRoom": "gerome" }, "object": 390.0 }, { "layer": 2.0, "deleted": 0.0, "variables": { "x": 160.0, "y": 160.0 }, "object": 440.0 }, { "layer": 2.0, "deleted": 0.0, "variables": { "x": 640.0, "y": 1536.0, "image_xscale": 1.0, "image_yscale": 1.0 }, "object": 288.0 }, { "layer": 3.0, "deleted": 0.0, "variables": { "x": 608.0, "flipX": 0.0, "y": 672.0, "flipY": 0.0 }, "object": 239.0 }, { "layer": 3.0, "deleted": 0.0, "variables": { "x": 768.0, "flipX": 0.0, "y": 786.0, "flipY": 0.0 }, "object": 457.0 }, { "layer": 2.0, "deleted": 0.0, "variables": { "x": 896.0, "flipX": 0.0, "y": 864.0, "flipY": 0.0 }, "object": 752.0 }, { "layer": 2.0, "deleted": 0.0, "variables": { "x": 896.0, "flipX": 0.0, "y": 832.0, "flipY": 0.0 }, "object": 752.0 }, { "layer": 2.0, "deleted": 0.0, "variables": { "x": 896.0, "flipX": 0.0, "y": 800.0, "flipY": 0.0 }, "object": 752.0 }, { "layer": 2.0, "deleted": 0.0, "variables": { "x": 896.0, "flipX": 0.0, "y": 768.0, "flipY": 0.0 }, "object": 752.0 } ], "tile_data": { "5": { "256_352": { "coord": [ 2.0, 3.0 ], "autotile_index": 0.0, "tileset": "tile_medieval", "autotile": 1.0 }, "992_1280": { "coord": [ 2.0, 2.0 ], "autotile_index": 0.0, "tileset": "tile_medieval", "autotile": 1.0 }, "480_1376": { "tileset": "tile_medieval", "coord": [ 2.0, 3.0 ] }, "832_1632": { "coord": [ 2.0, 1.0 ], "autotile_index": 0.0, "tileset": "tile_medieval", "autotile": 1.0 }, "160_1632": { "coord": [ 2.0, 1.0 ], "autotile_index": 0.0, "tileset": "tile_medieval", "autotile": 1.0 }, "800_1280": { "tileset": "tile_medieval", "coord": [ 8.0, 1.0 ] }, "480_288": { "coord": [ 2.0, 1.0 ], "autotile_index": 0.0, "tileset": "tile_medieval", "autotile": 1.0 }, "64_1696": { "coord": [ 2.0, 2.0 ], "autotile_index": 0.0, "tileset": "tile_medieval", "autotile": 1.0 }, "896_1376": { "coord": [ 2.0, 3.0 ], "autotile_index": 0.0, "tileset": "tile_medieval", "autotile": 1.0 }, "672_896": { "coord": [ 1.0, 2.0 ], "autotile_index": 0.0, "tileset": "tile_medieval", "autotile": 1.0 }, "288_1312": { "tileset": "tile_medieval", "coord": [ 7.0, 16.0 ] }, "1024_1344": { "coord": [ 3.0, 3.0 ], "autotile_index": 0.0, "tileset": "tile_medieval", "autotile": 1.0 }, "672_832": { "coord": [ 1.0, 2.0 ], "autotile_index": 0.0, "tileset": "tile_medieval", "autotile": 1.0 }, "384_320": { "coord": [ 2.0, 2.0 ], "autotile_index": 0.0, "tileset": "tile_medieval", "autotile": 1.0 }, "0_992": { "coord": [ 2.0, 3.0 ], "autotile_index": 0.0, "tileset": "tile_medieval", "autotile": 1.0 }, "480_1248": { "tileset": "tile_medieval", "coord": [ 7.0, 16.0 ] }, "160_480": { "tileset": "tile_medieval", "coord": [ 5.0, 4.0 ] }, "320_800": { "tileset": "tile_medieval", "coord": [ 2.0, 3.0 ] }, "448_1248": { "tileset": "tile_medieval", "coord": [ 6.0, 16.0 ] }, "384_1632": { "coord": [ 2.0, 1.0 ], "autotile_index": 0.0, "tileset": "tile_medieval", "autotile": 1.0 }, "480_736": { "tileset": "tile_medieval", "coord": [ 2.0, 2.0 ] }, "928_1280": { "coord": [ 8.0, 1.0 ], "autotile_index": 0.0, "tileset": "tile_medieval", "autotile": 1.0 }, "512_1312": { "tileset": "tile_medieval", "coord": [ 8.0, 1.0 ] }, "0_1664": { "coord": [ 2.0, 2.0 ], "autotile_index": 0.0, "tileset": "tile_medieval", "autotile": 1.0 }, "800_544": { "tileset": "tile_medieval", "coord": [ 1.0, 2.0 ] }, "512_320": { "coord": [ 2.0, 2.0 ], "autotile_index": 0.0, "tileset": "tile_medieval", "autotile": 1.0 }, "672_960": { "coord": [ 1.0, 3.0 ], "autotile_index": 0.0, "tileset": "tile_medieval", "autotile": 1.0 }, "416_960": { "coord": [ 2.0, 1.0 ], "autotile_index": 0.0, "tileset": "tile_medieval", "autotile": 1.0 }, "256_992": { "coord": [ 2.0, 3.0 ], "autotile_index": 0.0, "tileset": "tile_medieval", "autotile": 1.0 }, "928_1344": { "coord": [ 2.0, 2.0 ], "autotile_index": 0.0, "tileset": "tile_medieval", "autotile": 1.0 }, "704_960": { "coord": [ 3.0, 3.0 ], "autotile_index": 0.0, "tileset": "tile_medieval", "autotile": 1.0 }, "928_480": { "tileset": "tile_medieval", "coord": [ 5.0, 4.0 ] }, "800_1344": { "tileset": "tile_medieval", "coord": [ 2.0, 2.0 ] }, "416_352": { "coord": [ 2.0, 3.0 ], "autotile_index": 0.0, "tileset": "tile_medieval", "autotile": 1.0 }, "608_1696": { "coord": [ 2.0, 2.0 ], "autotile_index": 0.0, "tileset": "tile_medieval", "autotile": 1.0 }, "800_768": { "tileset": "tile_medieval", "coord": [ 1.0, 2.0 ] }, "512_1216": { "tileset": "tile_medieval", "coord": [ 8.0, 15.0 ] }, "864_1056": { "coord": [ 2.0, 1.0 ], "autotile_index": 0.0, "tileset": "tile_medieval", "autotile": 1.0 }, "640_1248": { "tileset": "tile_medieval", "coord": [ 2.0, 2.0 ] }, "0_1696": { "coord": [ 2.0, 2.0 ], "autotile_index": 0.0, "tileset": "tile_medieval", "autotile": 1.0 }, "640_288": { "coord": [ 2.0, 1.0 ], "autotile_index": 0.0, "tileset": "tile_medieval", "autotile": 1.0 }, "256_736": { "tileset": "tile_medieval", "coord": [ 2.0, 2.0 ] }, "288_704": { "tileset": "tile_medieval", "coord": [ 2.0, 1.0 ] }, "352_768": { "tileset": "tile_medieval", "coord": [ 2.0, 2.0 ] }, "704_1728": { "coord": [ 2.0, 3.0 ], "autotile_index": 0.0, "tileset": "tile_medieval", "autotile": 1.0 }, "832_576": { "tileset": "tile_medieval", "coord": [ 3.0, 2.0 ] }, "544_352": { "coord": [ 2.0, 3.0 ], "autotile_index": 0.0, "tileset": "tile_medieval", "autotile": 1.0 }, "576_768": { "tileset": "tile_medieval", "coord": [ 2.0, 2.0 ] }, "960_1664": { "coord": [ 2.0, 2.0 ], "autotile_index": 0.0, "tileset": "tile_medieval", "autotile": 1.0 }, "544_1312": { "tileset": "tile_medieval", "coord": [ 8.0, 1.0 ] }, "800_608": { "tileset": "tile_medieval", "coord": [ 1.0, 2.0 ] }, "864_480": { "tileset": "tile_medieval", "coord": [ 5.0, 4.0 ] }, "320_736": { "tileset": "tile_medieval", "coord": [ 2.0, 2.0 ] }, "832_1088": { "coord": [ 2.0, 3.0 ], "autotile_index": 0.0, "tileset": "tile_medieval", "autotile": 1.0 }, "32_480": { "tileset": "tile_medieval", "coord": [ 5.0, 4.0 ] }, "320_1696": { "coord": [ 2.0, 2.0 ], "autotile_index": 0.0, "tileset": "tile_medieval", "autotile": 1.0 }, "480_1632": { "coord": [ 2.0, 1.0 ], "autotile_index": 0.0, "tileset": "tile_medieval", "autotile": 1.0 }, "576_1056": { "coord": [ 1.0, 1.0 ], "autotile_index": 0.0, "tileset": "tile_medieval", "autotile": 1.0 }, "768_1280": { "tileset": "tile_medieval", "coord": [ 8.0, 1.0 ] }, "256_1280": { "tileset": "tile_medieval", "coord": [ 6.0, 15.0 ] }, "672_320": { "coord": [ 2.0, 2.0 ], "autotile_index": 0.0, "tileset": "tile_medieval", "autotile": 1.0 }, "672_768": { "coord": [ 2.0, 2.0 ], "autotile_index": 0.0, "tileset": "tile_medieval", "autotile": 1.0 }, "352_800": { "tileset": "tile_medieval", "coord": [ 2.0, 3.0 ] }, "192_480": { "tileset": "tile_medieval", "coord": [ 5.0, 4.0 ] }, "256_1632": { "coord": [ 2.0, 1.0 ], "autotile_index": 0.0, "tileset": "tile_medieval", "autotile": 1.0 }, "992_1312": { "coord": [ 2.0, 2.0 ], "autotile_index": 0.0, "tileset": "tile_medieval", "autotile": 1.0 }, "704_1376": { "tileset": "tile_medieval", "coord": [ 2.0, 3.0 ] }, "384_608": { "tileset": "spr_medievaldeco", "coord": [ 19.0, 1.0 ] }, "448_1344": { "tileset": "tile_medieval", "coord": [ 2.0, 2.0 ] }, "384_1280": { "tileset": "tile_medieval", "coord": [ 7.0, 16.0 ] }, "608_1056": { "coord": [ 2.0, 1.0 ], "autotile_index": 0.0, "tileset": "tile_medieval", "autotile": 1.0 }, "384_1664": { "coord": [ 2.0, 2.0 ], "autotile_index": 0.0, "tileset": "tile_medieval", "autotile": 1.0 }, "96_480": { "tileset": "tile_medieval", "coord": [ 5.0, 4.0 ] }, "864_1344": { "coord": [ 2.0, 2.0 ], "autotile_index": 0.0, "tileset": "tile_medieval", "autotile": 1.0 }, "-32_1632": { "coord": [ 1.0, 1.0 ], "autotile_index": 0.0, "tileset": "tile_medieval", "autotile": 1.0 }, "672_1696": { "coord": [ 2.0, 2.0 ], "autotile_index": 0.0, "tileset": "tile_medieval", "autotile": 1.0 }, "288_480": { "tileset": "tile_medieval", "coord": [ 5.0, 4.0 ] }, "800_1248": { "coord": [ 2.0, 2.0 ], "autotile_index": 0.0, "tileset": "tile_medieval", "autotile": 1.0 }, "704_352": { "coord": [ 3.0, 3.0 ], "autotile_index": 0.0, "tileset": "tile_medieval", "autotile": 1.0 }, "384_576": { "tileset": "spr_medievaldeco", "coord": [ 19.0, 3.0 ] }, "512_1376": { "tileset": "tile_medieval", "coord": [ 2.0, 3.0 ] }, "384_1248": { "tileset": "tile_medieval", "coord": [ 7.0, 15.0 ] }, "384_480": { "tileset": "spr_medievaldeco", "coord": [ 19.0, 0.0 ] }, "704_1088": { "coord": [ 2.0, 3.0 ], "autotile_index": 0.0, "tileset": "tile_medieval", "autotile": 1.0 }, "288_1696": { "coord": [ 2.0, 2.0 ], "autotile_index": 0.0, "tileset": "tile_medieval", "autotile": 1.0 }, "192_1664": { "coord": [ 2.0, 2.0 ], "autotile_index": 0.0, "tileset": "tile_medieval", "autotile": 1.0 }, "128_1728": { "coord": [ 2.0, 3.0 ], "autotile_index": 0.0, "tileset": "tile_medieval", "autotile": 1.0 }, "704_1248": { "tileset": "tile_medieval", "coord": [ 2.0, 2.0 ] }, "256_288": { "coord": [ 2.0, 1.0 ], "autotile_index": 0.0, "tileset": "tile_medieval", "autotile": 1.0 }, "192_1312": { "tileset": "tile_medieval", "coord": [ 7.0, 15.0 ] }, "352_1376": { "tileset": "tile_medieval", "coord": [ 2.0, 3.0 ] }, "416_1632": { "coord": [ 2.0, 1.0 ], "autotile_index": 0.0, "tileset": "tile_medieval", "autotile": 1.0 }, "576_1280": { "tileset": "tile_medieval", "coord": [ 8.0, 1.0 ] }, "640_736": { "tileset": "tile_medieval", "coord": [ 2.0, 2.0 ] }, "384_768": { "tileset": "tile_medieval", "coord": [ 2.0, 2.0 ] }, "0_960": { "coord": [ 2.0, 1.0 ], "autotile_index": 0.0, "tileset": "tile_medieval", "autotile": 1.0 }, "800_1088": { "coord": [ 2.0, 3.0 ], "autotile_index": 0.0, "tileset": "tile_medieval", "autotile": 1.0 }, "960_1728": { "coord": [ 2.0, 3.0 ], "autotile_index": 0.0, "tileset": "tile_medieval", "autotile": 1.0 }, "256_1728": { "coord": [ 2.0, 3.0 ], "autotile_index": 0.0, "tileset": "tile_medieval", "autotile": 1.0 }, "480_704": { "tileset": "tile_medieval", "coord": [ 2.0, 1.0 ] }, "128_992": { "coord": [ 2.0, 3.0 ], "autotile_index": 0.0, "tileset": "tile_medieval", "autotile": 1.0 }, "864_1696": { "coord": [ 2.0, 2.0 ], "autotile_index": 0.0, "tileset": "tile_medieval", "autotile": 1.0 }, "0_480": { "tileset": "tile_medieval", "coord": [ 5.0, 4.0 ] }, "192_1344": { "tileset": "tile_medieval", "coord": [ 7.0, 16.0 ] }, "896_1056": { "coord": [ 2.0, 1.0 ], "autotile_index": 0.0, "tileset": "tile_medieval", "autotile": 1.0 }, "512_1728": { "coord": [ 2.0, 3.0 ], "autotile_index": 0.0, "tileset": "tile_medieval", "autotile": 1.0 }, "288_320": { "coord": [ 2.0, 2.0 ], "autotile_index": 0.0, "tileset": "tile_medieval", "autotile": 1.0 }, "320_1312": { "tileset": "tile_medieval", "coord": [ 8.0, 16.0 ] }, "736_1344": { "tileset": "tile_medieval", "coord": [ 2.0, 2.0 ] }, "896_1280": { "tileset": "tile_medieval", "coord": [ 8.0, 1.0 ] }, "480_992": { "coord": [ 3.0, 3.0 ], "autotile_index": 0.0, "tileset": "tile_medieval", "autotile": 1.0 }, "800_480": { "tileset": "tile_medieval", "coord": [ 5.0, 4.0 ] }, "864_1216": { "coord": [ 2.0, 1.0 ], "autotile_index": 0.0, "tileset": "tile_medieval", "autotile": 1.0 }, "448_1280": { "tileset": "tile_medieval", "coord": [ 6.0, 17.0 ] }, "288_1376": { "tileset": "tile_medieval", "coord": [ 2.0, 3.0 ] }, "608_1728": { "coord": [ 2.0, 3.0 ], "autotile_index": 0.0, "tileset": "tile_medieval", "autotile": 1.0 }, "448_1376": { "tileset": "tile_medieval", "coord": [ 2.0, 3.0 ] }, "224_1344": { "tileset": "tile_medieval", "coord": [ 8.0, 16.0 ] }, "416_288": { "coord": [ 2.0, 1.0 ], "autotile_index": 0.0, "tileset": "tile_medieval", "autotile": 1.0 }, "992_1632": { "coord": [ 3.0, 1.0 ], "autotile_index": 0.0, "tileset": "tile_medieval", "autotile": 1.0 }, "800_1312": { "tileset": "tile_medieval", "coord": [ 8.0, 1.0 ] }, "544_1216": { "tileset": "tile_medieval", "coord": [ 2.0, 1.0 ] }, "832_672": { "tileset": "tile_medieval", "coord": [ 3.0, 2.0 ] }, "704_1216": { "tileset": "tile_medieval", "coord": [ 2.0, 1.0 ] }, "160_960": { "coord": [ 2.0, 1.0 ], "autotile_index": 0.0, "tileset": "tile_medieval", "autotile": 1.0 }, "320_352": { "coord": [ 2.0, 3.0 ], "autotile_index": 0.0, "tileset": "tile_medieval", "autotile": 1.0 }, "928_1728": { "coord": [ 2.0, 3.0 ], "autotile_index": 0.0, "tileset": "tile_medieval", "autotile": 1.0 }, "320_1376": { "tileset": "tile_medieval", "coord": [ 2.0, 3.0 ] }, "288_1280": { "tileset": "tile_medieval", "coord": [ 7.0, 15.0 ] }, "576_736": { "tileset": "tile_medieval", "coord": [ 2.0, 2.0 ] }, "544_288": { "coord": [ 2.0, 1.0 ], "autotile_index": 0.0, "tileset": "tile_medieval", "autotile": 1.0 }, "160_992": { "coord": [ 2.0, 3.0 ], "autotile_index": 0.0, "tileset": "tile_medieval", "autotile": 1.0 }, "960_1280": { "coord": [ 8.0, 1.0 ], "autotile_index": 0.0, "tileset": "tile_medieval", "autotile": 1.0 }, "480_1696": { "coord": [ 2.0, 2.0 ], "autotile_index": 0.0, "tileset": "tile_medieval", "autotile": 1.0 }, "576_704": { "tileset": "tile_medieval", "coord": [ 2.0, 1.0 ] }, "896_1664": { "coord": [ 2.0, 2.0 ], "autotile_index": 0.0, "tileset": "tile_medieval", "autotile": 1.0 }, "448_320": { "coord": [ 2.0, 2.0 ], "autotile_index": 0.0, "tileset": "tile_medieval", "autotile": 1.0 }, "512_1280": { "tileset": "tile_medieval", "coord": [ 8.0, 17.0 ] }, "64_480": { "tileset": "tile_medieval", "coord": [ 5.0, 4.0 ] }, "480_1216": { "tileset": "tile_medieval", "coord": [ 7.0, 15.0 ] }, "384_672": { "tileset": "spr_medievaldeco", "coord": [ 19.0, 2.0 ] }, "928_1312": { "coord": [ 8.0, 1.0 ], "autotile_index": 0.0, "tileset": "tile_medieval", "autotile": 1.0 }, "832_1664": { "coord": [ 2.0, 2.0 ], "autotile_index": 0.0, "tileset": "tile_medieval", "autotile": 1.0 }, "288_1728": { "coord": [ 2.0, 3.0 ], "autotile_index": 0.0, "tileset": "tile_medieval", "autotile": 1.0 }, "832_1696": { "coord": [ 2.0, 2.0 ], "autotile_index": 0.0, "tileset": "tile_medieval", "autotile": 1.0 }, "288_960": { "coord": [ 2.0, 1.0 ], "autotile_index": 0.0, "tileset": "tile_medieval", "autotile": 1.0 }, "800_1376": { "tileset": "tile_medieval", "coord": [ 2.0, 3.0 ] }, "640_704": { "tileset": "tile_medieval", "coord": [ 2.0, 1.0 ] }, "576_320": { "coord": [ 2.0, 2.0 ], "autotile_index": 0.0, "tileset": "tile_medieval", "autotile": 1.0 }, "448_1216": { "tileset": "tile_medieval", "coord": [ 6.0, 15.0 ] }, "608_768": { "tileset": "tile_medieval", "coord": [ 2.0, 2.0 ] }, "640_1344": { "tileset": "tile_medieval", "coord": [ 2.0, 2.0 ] }, "640_1376": { "tileset": "tile_medieval", "coord": [ 2.0, 3.0 ] }, "576_1088": { "coord": [ 1.0, 3.0 ], "autotile_index": 0.0, "tileset": "tile_medieval", "autotile": 1.0 }, "736_1696": { "coord": [ 2.0, 2.0 ], "autotile_index": 0.0, "tileset": "tile_medieval", "autotile": 1.0 }, "416_1728": { "coord": [ 2.0, 3.0 ], "autotile_index": 0.0, "tileset": "tile_medieval", "autotile": 1.0 }, "672_800": { "coord": [ 3.0, 5.0 ], "autotile_index": 0.0, "tileset": "tile_medieval", "autotile": 1.0 }, "704_1696": { "coord": [ 2.0, 2.0 ], "autotile_index": 0.0, "tileset": "tile_medieval", "autotile": 1.0 }, "384_800": { "tileset": "tile_medieval", "coord": [ 2.0, 3.0 ] }, "704_288": { "coord": [ 3.0, 1.0 ], "autotile_index": 0.0, "tileset": "tile_medieval", "autotile": 1.0 }, "128_960": { "coord": [ 2.0, 1.0 ], "autotile_index": 0.0, "tileset": "tile_medieval", "autotile": 1.0 }, "512_1344": { "tileset": "tile_medieval", "coord": [ 2.0, 2.0 ] }, "608_1376": { "tileset": "tile_medieval", "coord": [ 2.0, 3.0 ] }, "416_1280": { "tileset": "tile_medieval", "coord": [ 8.0, 16.0 ] }, "64_1728": { "coord": [ 2.0, 3.0 ], "autotile_index": 0.0, "tileset": "tile_medieval", "autotile": 1.0 }, "608_352": { "coord": [ 2.0, 3.0 ], "autotile_index": 0.0, "tileset": "tile_medieval", "autotile": 1.0 }, "128_1632": { "coord": [ 2.0, 1.0 ], "autotile_index": 0.0, "tileset": "tile_medieval", "autotile": 1.0 }, "544_1664": { "coord": [ 2.0, 2.0 ], "autotile_index": 0.0, "tileset": "tile_medieval", "autotile": 1.0 }, "512_1664": { "coord": [ 2.0, 2.0 ], "autotile_index": 0.0, "tileset": "tile_medieval", "autotile": 1.0 }, "416_768": { "tileset": "tile_medieval", "coord": [ 2.0, 2.0 ] }, "640_1664": { "coord": [ 2.0, 2.0 ], "autotile_index": 0.0, "tileset": "tile_medieval", "autotile": 1.0 }, "640_1056": { "coord": [ 2.0, 1.0 ], "autotile_index": 0.0, "tileset": "tile_medieval", "autotile": 1.0 }, "480_1664": { "coord": [ 2.0, 2.0 ], "autotile_index": 0.0, "tileset": "tile_medieval", "autotile": 1.0 }, "768_480": { "tileset": "tile_medieval", "coord": [ 5.0, 4.0 ] }, "256_1312": { "tileset": "tile_medieval", "coord": [ 6.0, 16.0 ] }, "672_1056": { "coord": [ 2.0, 1.0 ], "autotile_index": 0.0, "tileset": "tile_medieval", "autotile": 1.0 }, "608_1216": { "tileset": "tile_medieval", "coord": [ 2.0, 1.0 ] }, "448_704": { "tileset": "tile_medieval", "coord": [ 2.0, 1.0 ] }, "-32_1728": { "coord": [ 1.0, 3.0 ], "autotile_index": 0.0, "tileset": "tile_medieval", "autotile": 1.0 }, "608_480": { "tileset": "tile_medieval", "coord": [ 5.0, 4.0 ] }, "704_928": { "coord": [ 3.0, 2.0 ], "autotile_index": 0.0, "tileset": "tile_medieval", "autotile": 1.0 }, "352_736": { "tileset": "tile_medieval", "coord": [ 2.0, 2.0 ] }, "896_1632": { "coord": [ 2.0, 1.0 ], "autotile_index": 0.0, "tileset": "tile_medieval", "autotile": 1.0 }, "384_512": { "tileset": "spr_medievaldeco", "coord": [ 19.0, 3.0 ] }, "256_1376": { "tileset": "tile_medieval", "coord": [ 2.0, 3.0 ] }, "800_1632": { "coord": [ 2.0, 1.0 ], "autotile_index": 0.0, "tileset": "tile_medieval", "autotile": 1.0 }, "256_1696": { "coord": [ 2.0, 2.0 ], "autotile_index": 0.0, "tileset": "tile_medieval", "autotile": 1.0 }, "608_1632": { "coord": [ 2.0, 1.0 ], "autotile_index": 0.0, "tileset": "tile_medieval", "autotile": 1.0 }, "576_1696": { "coord": [ 2.0, 2.0 ], "autotile_index": 0.0, "tileset": "tile_medieval", "autotile": 1.0 }, "544_544": { "tileset": "spr_medievaldeco", "coord": [ 19.0, 3.0 ] }, "704_1344": { "tileset": "tile_medieval", "coord": [ 2.0, 2.0 ] }, "768_1376": { "tileset": "tile_medieval", "coord": [ 2.0, 3.0 ] }, "288_736": { "tileset": "tile_medieval", "coord": [ 2.0, 2.0 ] }, "832_512": { "tileset": "tile_medieval", "coord": [ 3.0, 2.0 ] }, "736_1664": { "coord": [ 2.0, 2.0 ], "autotile_index": 0.0, "tileset": "tile_medieval", "autotile": 1.0 }, "416_992": { "coord": [ 2.0, 3.0 ], "autotile_index": 0.0, "tileset": "tile_medieval", "autotile": 1.0 }, "224_1312": { "tileset": "tile_medieval", "coord": [ 8.0, 15.0 ] }, "160_1376": { "tileset": "tile_medieval", "coord": [ 2.0, 3.0 ] }, "896_1216": { "tileset": "tile_medieval", "coord": [ 2.0, 1.0 ] }, "800_640": { "tileset": "tile_medieval", "coord": [ 1.0, 2.0 ] }, "32_1632": { "coord": [ 2.0, 1.0 ], "autotile_index": 0.0, "tileset": "tile_medieval", "autotile": 1.0 }, "256_960": { "coord": [ 2.0, 1.0 ], "autotile_index": 0.0, "tileset": "tile_medieval", "autotile": 1.0 }, "768_1056": { "coord": [ 2.0, 1.0 ], "autotile_index": 0.0, "tileset": "tile_medieval", "autotile": 1.0 }, "192_1632": { "coord": [ 2.0, 1.0 ], "autotile_index": 0.0, "tileset": "tile_medieval", "autotile": 1.0 }, "768_1696": { "coord": [ 2.0, 2.0 ], "autotile_index": 0.0, "tileset": "tile_medieval", "autotile": 1.0 }, "320_288": { "coord": [ 2.0, 1.0 ], "autotile_index": 0.0, "tileset": "tile_medieval", "autotile": 1.0 }, "64_1664": { "coord": [ 2.0, 2.0 ], "autotile_index": 0.0, "tileset": "tile_medieval", "autotile": 1.0 }, "704_800": { "coord": [ 3.0, 2.0 ], "autotile_index": 0.0, "tileset": "tile_medieval", "autotile": 1.0 }, "320_1664": { "coord": [ 2.0, 2.0 ], "autotile_index": 0.0, "tileset": "tile_medieval", "autotile": 1.0 }, "800_1056": { "coord": [ 2.0, 1.0 ], "autotile_index": 0.0, "tileset": "tile_medieval", "autotile": 1.0 }, "224_352": { "coord": [ 1.0, 3.0 ], "autotile_index": 0.0, "tileset": "tile_medieval", "autotile": 1.0 }, "608_1664": { "coord": [ 2.0, 2.0 ], "autotile_index": 0.0, "tileset": "tile_medieval", "autotile": 1.0 }, "960_1216": { "coord": [ 2.0, 1.0 ], "autotile_index": 0.0, "tileset": "tile_medieval", "autotile": 1.0 }, "352_1312": { "tileset": "tile_medieval", "coord": [ 6.0, 17.0 ] }, "608_736": { "tileset": "tile_medieval", "coord": [ 2.0, 2.0 ] }, "896_480": { "tileset": "tile_medieval", "coord": [ 5.0, 4.0 ] }, "96_1664": { "coord": [ 2.0, 2.0 ], "autotile_index": 0.0, "tileset": "tile_medieval", "autotile": 1.0 }, "192_960": { "coord": [ 2.0, 1.0 ], "autotile_index": 0.0, "tileset": "tile_medieval", "autotile": 1.0 }, "448_736": { "tileset": "tile_medieval", "coord": [ 2.0, 2.0 ] }, "992_1248": { "coord": [ 2.0, 2.0 ], "autotile_index": 0.0, "tileset": "tile_medieval", "autotile": 1.0 }, "544_704": { "tileset": "tile_medieval", "coord": [ 2.0, 1.0 ] }, "896_1504": { "tileset": "tile_medieval", "coord": [ 1.0, 9.0 ] }, "640_480": { "tileset": "tile_medieval", "coord": [ 5.0, 4.0 ] }, "224_960": { "coord": [ 2.0, 1.0 ], "autotile_index": 0.0, "tileset": "tile_medieval", "autotile": 1.0 }, "352_320": { "coord": [ 2.0, 2.0 ], "autotile_index": 0.0, "tileset": "tile_medieval", "autotile": 1.0 }, "608_1344": { "tileset": "tile_medieval", "coord": [ 2.0, 2.0 ] }, "864_1664": { "coord": [ 2.0, 2.0 ], "autotile_index": 0.0, "tileset": "tile_medieval", "autotile": 1.0 }, "800_864": { "tileset": "tile_medieval", "coord": [ 1.0, 3.0 ] }, "480_768": { "tileset": "tile_medieval", "coord": [ 2.0, 2.0 ] }, "384_1376": { "tileset": "tile_medieval", "coord": [ 2.0, 3.0 ] }, "352_960": { "coord": [ 2.0, 1.0 ], "autotile_index": 0.0, "tileset": "tile_medieval", "autotile": 1.0 }, "544_736": { "tileset": "tile_medieval", "coord": [ 2.0, 2.0 ] }, "992_1664": { "coord": [ 3.0, 2.0 ], "autotile_index": 0.0, "tileset": "tile_medieval", "autotile": 1.0 }, "512_800": { "tileset": "tile_medieval", "coord": [ 2.0, 3.0 ] }, "480_320": { "coord": [ 2.0, 2.0 ], "autotile_index": 0.0, "tileset": "tile_medieval", "autotile": 1.0 }, "896_1728": { "coord": [ 2.0, 3.0 ], "autotile_index": 0.0, "tileset": "tile_medieval", "autotile": 1.0 }, "544_512": { "tileset": "spr_medievaldeco", "coord": [ 19.0, 3.0 ] }, "736_1632": { "coord": [ 2.0, 1.0 ], "autotile_index": 0.0, "tileset": "tile_medieval", "autotile": 1.0 }, "800_672": { "tileset": "tile_medieval", "coord": [ 1.0, 2.0 ] }, "736_480": { "tileset": "tile_medieval", "coord": [ 5.0, 4.0 ] }, "160_1312": { "tileset": "tile_medieval", "coord": [ 6.0, 15.0 ] }, "32_992": { "coord": [ 2.0, 3.0 ], "autotile_index": 0.0, "tileset": "tile_medieval", "autotile": 1.0 }, "128_480": { "tileset": "tile_medieval", "coord": [ 5.0, 4.0 ] }, "608_800": { "tileset": "tile_medieval", "coord": [ 2.0, 3.0 ] }, "384_352": { "coord": [ 2.0, 3.0 ], "autotile_index": 0.0, "tileset": "tile_medieval", "autotile": 1.0 }, "640_800": { "coord": [ 2.0, 3.0 ], "autotile_index": 0.0, "tileset": "tile_medieval", "autotile": 1.0 }, "608_1248": { "tileset": "tile_medieval", "coord": [ 2.0, 2.0 ] }, "608_1312": { "tileset": "tile_medieval", "coord": [ 8.0, 1.0 ] }, "992_1344": { "coord": [ 1.0, 5.0 ], "autotile_index": 0.0, "tileset": "tile_medieval", "autotile": 1.0 }, "672_1312": { "tileset": "tile_medieval", "coord": [ 8.0, 1.0 ] }, "608_288": { "coord": [ 2.0, 1.0 ], "autotile_index": 0.0, "tileset": "tile_medieval", "autotile": 1.0 }, "960_1344": { "coord": [ 2.0, 2.0 ], "autotile_index": 0.0, "tileset": "tile_medieval", "autotile": 1.0 }, "768_1088": { "coord": [ 2.0, 3.0 ], "autotile_index": 0.0, "tileset": "tile_medieval", "autotile": 1.0 }, "416_800": { "tileset": "tile_medieval", "coord": [ 2.0, 3.0 ] }, "544_1376": { "tileset": "tile_medieval", "coord": [ 2.0, 3.0 ] }, "800_576": { "tileset": "tile_medieval", "coord": [ 1.0, 2.0 ] }, "512_352": { "coord": [ 2.0, 3.0 ], "autotile_index": 0.0, "tileset": "tile_medieval", "autotile": 1.0 }, "512_768": { "tileset": "tile_medieval", "coord": [ 2.0, 2.0 ] }, "96_1728": { "coord": [ 2.0, 3.0 ], "autotile_index": 0.0, "tileset": "tile_medieval", "autotile": 1.0 }, "32_1728": { "coord": [ 2.0, 3.0 ], "autotile_index": 0.0, "tileset": "tile_medieval", "autotile": 1.0 }, "0_1728": { "coord": [ 2.0, 3.0 ], "autotile_index": 0.0, "tileset": "tile_medieval", "autotile": 1.0 }, "672_1248": { "tileset": "tile_medieval", "coord": [ 2.0, 2.0 ] }, "64_1632": { "coord": [ 2.0, 1.0 ], "autotile_index": 0.0, "tileset": "tile_medieval", "autotile": 1.0 }, "512_704": { "tileset": "tile_medieval", "coord": [ 2.0, 1.0 ] }, "800_1696": { "coord": [ 2.0, 2.0 ], "autotile_index": 0.0, "tileset": "tile_medieval", "autotile": 1.0 }, "224_1696": { "coord": [ 2.0, 2.0 ], "autotile_index": 0.0, "tileset": "tile_medieval", "autotile": 1.0 }, "672_1632": { "coord": [ 2.0, 1.0 ], "autotile_index": 0.0, "tileset": "tile_medieval", "autotile": 1.0 }, "-32_1696": { "coord": [ 1.0, 2.0 ], "autotile_index": 0.0, "tileset": "tile_medieval", "autotile": 1.0 }, "736_1728": { "coord": [ 2.0, 3.0 ], "autotile_index": 0.0, "tileset": "tile_medieval", "autotile": 1.0 }, "640_320": { "coord": [ 2.0, 2.0 ], "autotile_index": 0.0, "tileset": "tile_medieval", "autotile": 1.0 }, "352_992": { "coord": [ 2.0, 3.0 ], "autotile_index": 0.0, "tileset": "tile_medieval", "autotile": 1.0 }, "448_768": { "tileset": "tile_medieval", "coord": [ 2.0, 2.0 ] }, "544_1728": { "coord": [ 2.0, 3.0 ], "autotile_index": 0.0, "tileset": "tile_medieval", "autotile": 1.0 }, "256_800": { "tileset": "tile_medieval", "coord": [ 2.0, 3.0 ] }, "192_1376": { "tileset": "tile_medieval", "coord": [ 2.0, 3.0 ] }, "288_1664": { "coord": [ 2.0, 2.0 ], "autotile_index": 0.0, "tileset": "tile_medieval", "autotile": 1.0 }, "640_1312": { "tileset": "tile_medieval", "coord": [ 8.0, 1.0 ] }, "928_1696": { "coord": [ 2.0, 2.0 ], "autotile_index": 0.0, "tileset": "tile_medieval", "autotile": 1.0 }, "320_960": { "coord": [ 2.0, 1.0 ], "autotile_index": 0.0, "tileset": "tile_medieval", "autotile": 1.0 }, "224_1728": { "coord": [ 2.0, 3.0 ], "autotile_index": 0.0, "tileset": "tile_medieval", "autotile": 1.0 }, "256_704": { "tileset": "tile_medieval", "coord": [ 2.0, 1.0 ] }, "672_1664": { "coord": [ 2.0, 2.0 ], "autotile_index": 0.0, "tileset": "tile_medieval", "autotile": 1.0 }, "384_1696": { "coord": [ 2.0, 2.0 ], "autotile_index": 0.0, "tileset": "tile_medieval", "autotile": 1.0 }, "320_1280": { "tileset": "tile_medieval", "coord": [ 8.0, 15.0 ] }, "960_1376": { "coord": [ 2.0, 3.0 ], "autotile_index": 0.0, "tileset": "tile_medieval", "autotile": 1.0 }, "960_480": { "tileset": "tile_medieval", "coord": [ 5.0, 4.0 ] }, "672_352": { "coord": [ 2.0, 3.0 ], "autotile_index": 0.0, "tileset": "tile_medieval", "autotile": 1.0 }, "768_1344": { "tileset": "tile_medieval", "coord": [ 2.0, 2.0 ] }, "480_1280": { "tileset": "tile_medieval", "coord": [ 7.0, 17.0 ] }, "480_1728": { "coord": [ 2.0, 3.0 ], "autotile_index": 0.0, "tileset": "tile_medieval", "autotile": 1.0 }, "-32_960": { "coord": [ 1.0, 1.0 ], "autotile_index": 0.0, "tileset": "tile_medieval", "autotile": 1.0 }, "32_1696": { "coord": [ 2.0, 2.0 ], "autotile_index": 0.0, "tileset": "tile_medieval", "autotile": 1.0 }, "192_992": { "coord": [ 2.0, 3.0 ], "autotile_index": 0.0, "tileset": "tile_medieval", "autotile": 1.0 }, "224_288": { "coord": [ 1.0, 1.0 ], "autotile_index": 0.0, "tileset": "tile_medieval", "autotile": 1.0 }, "576_1344": { "tileset": "tile_medieval", "coord": [ 2.0, 2.0 ] }, "768_1632": { "coord": [ 2.0, 1.0 ], "autotile_index": 0.0, "tileset": "tile_medieval", "autotile": 1.0 }, "288_992": { "coord": [ 2.0, 3.0 ], "autotile_index": 0.0, "tileset": "tile_medieval", "autotile": 1.0 }, "832_1376": { "coord": [ 2.0, 3.0 ], "autotile_index": 0.0, "tileset": "tile_medieval", "autotile": 1.0 }, "864_1632": { "coord": [ 2.0, 1.0 ], "autotile_index": 0.0, "tileset": "tile_medieval", "autotile": 1.0 }, "256_768": { "tileset": "tile_medieval", "coord": [ 2.0, 2.0 ] }, "832_480": { "tileset": "tile_medieval", "coord": [ 5.0, 4.0 ] }, "128_1344": { "tileset": "tile_medieval", "coord": [ 1.0, 1.0 ] }, "704_768": { "coord": [ 3.0, 2.0 ], "autotile_index": 0.0, "tileset": "tile_medieval", "autotile": 1.0 }, "64_992": { "coord": [ 2.0, 3.0 ], "autotile_index": 0.0, "tileset": "tile_medieval", "autotile": 1.0 }, "704_704": { "tileset": "tile_medieval", "coord": [ 3.0, 1.0 ] }, "672_1344": { "tileset": "tile_medieval", "coord": [ 2.0, 2.0 ] }, "64_960": { "coord": [ 2.0, 1.0 ], "autotile_index": 0.0, "tileset": "tile_medieval", "autotile": 1.0 }, "704_1056": { "coord": [ 2.0, 1.0 ], "autotile_index": 0.0, "tileset": "tile_medieval", "autotile": 1.0 }, "832_1280": { "tileset": "tile_medieval", "coord": [ 8.0, 1.0 ] }, "928_1088": { "coord": [ 2.0, 3.0 ], "autotile_index": 0.0, "tileset": "tile_medieval", "autotile": 1.0 }, "256_320": { "coord": [ 2.0, 2.0 ], "autotile_index": 0.0, "tileset": "tile_medieval", "autotile": 1.0 }, "608_1088": { "coord": [ 2.0, 3.0 ], "autotile_index": 0.0, "tileset": "tile_medieval", "autotile": 1.0 }, "352_1344": { "tileset": "tile_medieval", "coord": [ 8.0, 1.0 ] }, "1024_1312": { "coord": [ 3.0, 2.0 ], "autotile_index": 0.0, "tileset": "tile_medieval", "autotile": 1.0 }, "224_800": { "tileset": "tile_medieval", "coord": [ 1.0, 3.0 ] }, "352_1728": { "coord": [ 2.0, 3.0 ], "autotile_index": 0.0, "tileset": "tile_medieval", "autotile": 1.0 }, "800_832": { "tileset": "tile_medieval", "coord": [ 1.0, 2.0 ] }, "736_1216": { "tileset": "tile_medieval", "coord": [ 2.0, 1.0 ] }, "928_1632": { "coord": [ 2.0, 1.0 ], "autotile_index": 0.0, "tileset": "tile_medieval", "autotile": 1.0 }, "160_1696": { "coord": [ 2.0, 2.0 ], "autotile_index": 0.0, "tileset": "tile_medieval", "autotile": 1.0 }, "448_1696": { "coord": [ 2.0, 2.0 ], "autotile_index": 0.0, "tileset": "tile_medieval", "autotile": 1.0 }, "256_1344": { "tileset": "tile_medieval", "coord": [ 6.0, 17.0 ] }, "384_288": { "coord": [ 2.0, 1.0 ], "autotile_index": 0.0, "tileset": "tile_medieval", "autotile": 1.0 }, "384_992": { "coord": [ 2.0, 3.0 ], "autotile_index": 0.0, "tileset": "tile_medieval", "autotile": 1.0 }, "896_1088": { "coord": [ 2.0, 3.0 ], "autotile_index": 0.0, "tileset": "tile_medieval", "autotile": 1.0 }, "960_1312": { "coord": [ 2.0, 2.0 ], "autotile_index": 0.0, "tileset": "tile_medieval", "autotile": 1.0 }, "768_1728": { "coord": [ 2.0, 3.0 ], "autotile_index": 0.0, "tileset": "tile_medieval", "autotile": 1.0 }, "640_1088": { "coord": [ 2.0, 3.0 ], "autotile_index": 0.0, "tileset": "tile_medieval", "autotile": 1.0 }, "288_352": { "coord": [ 2.0, 3.0 ], "autotile_index": 0.0, "tileset": "tile_medieval", "autotile": 1.0 }, "384_1344": { "tileset": "tile_medieval", "coord": [ 8.0, 1.0 ] }, "960_1696": { "coord": [ 2.0, 2.0 ], "autotile_index": 0.0, "tileset": "tile_medieval", "autotile": 1.0 }, "672_928": { "coord": [ 1.0, 2.0 ], "autotile_index": 0.0, "tileset": "tile_medieval", "autotile": 1.0 }, "-32_992": { "coord": [ 1.0, 3.0 ], "autotile_index": 0.0, "tileset": "tile_medieval", "autotile": 1.0 }, "800_512": { "tileset": "tile_medieval", "coord": [ 1.0, 2.0 ] }, "512_288": { "coord": [ 2.0, 1.0 ], "autotile_index": 0.0, "tileset": "tile_medieval", "autotile": 1.0 }, "224_1664": { "coord": [ 2.0, 2.0 ], "autotile_index": 0.0, "tileset": "tile_medieval", "autotile": 1.0 }, "576_1728": { "coord": [ 2.0, 3.0 ], "autotile_index": 0.0, "tileset": "tile_medieval", "autotile": 1.0 }, "576_1664": { "coord": [ 2.0, 2.0 ], "autotile_index": 0.0, "tileset": "tile_medieval", "autotile": 1.0 }, "832_1248": { "coord": [ 2.0, 2.0 ], "autotile_index": 0.0, "tileset": "tile_medieval", "autotile": 1.0 }, "992_1216": { "coord": [ 2.0, 1.0 ], "autotile_index": 0.0, "tileset": "tile_medieval", "autotile": 1.0 }, "32_960": { "coord": [ 2.0, 1.0 ], "autotile_index": 0.0, "tileset": "tile_medieval", "autotile": 1.0 }, "416_320": { "coord": [ 2.0, 2.0 ], "autotile_index": 0.0, "tileset": "tile_medieval", "autotile": 1.0 }, "864_1088": { "coord": [ 2.0, 3.0 ], "autotile_index": 0.0, "tileset": "tile_medieval", "autotile": 1.0 }, "32_1664": { "coord": [ 2.0, 2.0 ], "autotile_index": 0.0, "tileset": "tile_medieval", "autotile": 1.0 }, "672_736": { "tileset": "tile_medieval", "coord": [ 2.0, 2.0 ] }, "320_704": { "tileset": "tile_medieval", "coord": [ 2.0, 1.0 ] }, "96_960": { "coord": [ 2.0, 1.0 ], "autotile_index": 0.0, "tileset": "tile_medieval", "autotile": 1.0 }, "480_960": { "coord": [ 3.0, 1.0 ], "autotile_index": 0.0, "tileset": "tile_medieval", "autotile": 1.0 }, "736_1312": { "tileset": "tile_medieval", "coord": [ 8.0, 1.0 ] }, "928_1216": { "coord": [ 2.0, 1.0 ], "autotile_index": 0.0, "tileset": "tile_medieval", "autotile": 1.0 }, "224_704": { "tileset": "tile_medieval", "coord": [ 1.0, 1.0 ] }, "704_736": { "tileset": "tile_medieval", "coord": [ 3.0, 2.0 ] }, "832_544": { "tileset": "tile_medieval", "coord": [ 3.0, 2.0 ] }, "544_320": { "coord": [ 2.0, 2.0 ], "autotile_index": 0.0, "tileset": "tile_medieval", "autotile": 1.0 }, "640_1728": { "coord": [ 2.0, 3.0 ], "autotile_index": 0.0, "tileset": "tile_medieval", "autotile": 1.0 }, "256_1664": { "coord": [ 2.0, 2.0 ], "autotile_index": 0.0, "tileset": "tile_medieval", "autotile": 1.0 }, "672_1376": { "tileset": "tile_medieval", "coord": [ 2.0, 3.0 ] }, "384_640": { "tileset": "spr_medievaldeco", "coord": [ 19.0, 1.0 ] }, "128_1664": { "coord": [ 2.0, 2.0 ], "autotile_index": 0.0, "tileset": "tile_medieval", "autotile": 1.0 }, "448_352": { "coord": [ 2.0, 3.0 ], "autotile_index": 0.0, "tileset": "tile_medieval", "autotile": 1.0 }, "160_1664": { "coord": [ 2.0, 2.0 ], "autotile_index": 0.0, "tileset": "tile_medieval", "autotile": 1.0 }, "608_704": { "tileset": "tile_medieval", "coord": [ 2.0, 1.0 ] }, "640_1696": { "coord": [ 2.0, 2.0 ], "autotile_index": 0.0, "tileset": "tile_medieval", "autotile": 1.0 }, "544_800": { "tileset": "tile_medieval", "coord": [ 2.0, 3.0 ] }, "416_736": { "tileset": "tile_medieval", "coord": [ 2.0, 2.0 ] }, "320_480": { "tileset": "tile_medieval", "coord": [ 5.0, 4.0 ] }, "544_1248": { "tileset": "tile_medieval", "coord": [ 2.0, 2.0 ] }, "672_288": { "coord": [ 2.0, 1.0 ], "autotile_index": 0.0, "tileset": "tile_medieval", "autotile": 1.0 }, "576_1248": { "tileset": "tile_medieval", "coord": [ 2.0, 2.0 ] }, "896_1696": { "coord": [ 2.0, 2.0 ], "autotile_index": 0.0, "tileset": "tile_medieval", "autotile": 1.0 }, "672_1216": { "tileset": "tile_medieval", "coord": [ 2.0, 1.0 ] }, "416_1664": { "coord": [ 2.0, 2.0 ], "autotile_index": 0.0, "tileset": "tile_medieval", "autotile": 1.0 }, "576_352": { "coord": [ 2.0, 3.0 ], "autotile_index": 0.0, "tileset": "tile_medieval", "autotile": 1.0 }, "960_1056": { "coord": [ 3.0, 1.0 ], "autotile_index": 0.0, "tileset": "tile_medieval", "autotile": 1.0 }, "928_1248": { "coord": [ 2.0, 2.0 ], "autotile_index": 0.0, "tileset": "tile_medieval", "autotile": 1.0 }, "384_704": { "tileset": "tile_medieval", "coord": [ 2.0, 1.0 ] }, "96_992": { "coord": [ 2.0, 3.0 ], "autotile_index": 0.0, "tileset": "tile_medieval", "autotile": 1.0 }, "384_1312": { "tileset": "tile_medieval", "coord": [ 7.0, 17.0 ] }, "928_1376": { "coord": [ 2.0, 3.0 ], "autotile_index": 0.0, "tileset": "tile_medieval", "autotile": 1.0 }, "992_1376": { "coord": [ 3.0, 3.0 ], "autotile_index": 0.0, "tileset": "tile_medieval", "autotile": 1.0 }, "288_1632": { "coord": [ 2.0, 1.0 ], "autotile_index": 0.0, "tileset": "tile_medieval", "autotile": 1.0 }, "544_480": { "tileset": "spr_medievaldeco", "coord": [ 19.0, 0.0 ] }, "768_1664": { "coord": [ 2.0, 2.0 ], "autotile_index": 0.0, "tileset": "tile_medieval", "autotile": 1.0 }, "320_1728": { "coord": [ 2.0, 3.0 ], "autotile_index": 0.0, "tileset": "tile_medieval", "autotile": 1.0 }, "704_320": { "coord": [ 3.0, 2.0 ], "autotile_index": 0.0, "tileset": "tile_medieval", "autotile": 1.0 }, "384_544": { "tileset": "spr_medievaldeco", "coord": [ 19.0, 2.0 ] }, "800_1728": { "coord": [ 2.0, 3.0 ], "autotile_index": 0.0, "tileset": "tile_medieval", "autotile": 1.0 }, "704_1664": { "coord": [ 2.0, 2.0 ], "autotile_index": 0.0, "tileset": "tile_medieval", "autotile": 1.0 }, "224_480": { "tileset": "tile_medieval", "coord": [ 5.0, 4.0 ] }, "832_800": { "tileset": "tile_medieval", "coord": [ 3.0, 2.0 ] }, "832_1216": { "coord": [ 2.0, 1.0 ], "autotile_index": 0.0, "tileset": "tile_medieval", "autotile": 1.0 }, "480_1312": { "tileset": "tile_medieval", "coord": [ 8.0, 1.0 ] }, "576_1632": { "coord": [ 2.0, 1.0 ], "autotile_index": 0.0, "tileset": "tile_medieval", "autotile": 1.0 }, "672_1088": { "coord": [ 2.0, 3.0 ], "autotile_index": 0.0, "tileset": "tile_medieval", "autotile": 1.0 }, "896_1312": { "tileset": "tile_medieval", "coord": [ 8.0, 1.0 ] }, "704_832": { "coord": [ 3.0, 2.0 ], "autotile_index": 0.0, "tileset": "tile_medieval", "autotile": 1.0 }, "832_1056": { "coord": [ 2.0, 1.0 ], "autotile_index": 0.0, "tileset": "tile_medieval", "autotile": 1.0 }, "352_1632": { "coord": [ 2.0, 1.0 ], "autotile_index": 0.0, "tileset": "tile_medieval", "autotile": 1.0 }, "224_1632": { "coord": [ 2.0, 1.0 ], "autotile_index": 0.0, "tileset": "tile_medieval", "autotile": 1.0 }, "512_1248": { "tileset": "tile_medieval", "coord": [ 8.0, 16.0 ] }, "544_1344": { "tileset": "tile_medieval", "coord": [ 2.0, 2.0 ] }, "736_1088": { "coord": [ 2.0, 3.0 ], "autotile_index": 0.0, "tileset": "tile_medieval", "autotile": 1.0 }, "512_1632": { "coord": [ 2.0, 1.0 ], "autotile_index": 0.0, "tileset": "tile_medieval", "autotile": 1.0 }, "672_704": { "tileset": "tile_medieval", "coord": [ 2.0, 1.0 ] }, "1024_1216": { "coord": [ 3.0, 1.0 ], "autotile_index": 0.0, "tileset": "tile_medieval", "autotile": 1.0 }, "352_1248": { "tileset": "tile_medieval", "coord": [ 6.0, 15.0 ] }, "352_480": { "tileset": "tile_medieval", "coord": [ 6.0, 4.0 ] }, "160_1344": { "tileset": "tile_medieval", "coord": [ 6.0, 16.0 ] }, "832_832": { "tileset": "tile_medieval", "coord": [ 3.0, 2.0 ] }, "928_1504": { "tileset": "tile_medieval", "coord": [ 2.0, 9.0 ] }, "736_1248": { "tileset": "tile_medieval", "coord": [ 2.0, 2.0 ] }, "288_288": { "coord": [ 2.0, 1.0 ], "autotile_index": 0.0, "tileset": "tile_medieval", "autotile": 1.0 }, "864_1376": { "coord": [ 2.0, 3.0 ], "autotile_index": 0.0, "tileset": "tile_medieval", "autotile": 1.0 }, "832_736": { "tileset": "tile_medieval", "coord": [ 3.0, 2.0 ] }, "544_576": { "tileset": "spr_medievaldeco", "coord": [ 19.0, 3.0 ] }, "544_1696": { "coord": [ 2.0, 2.0 ], "autotile_index": 0.0, "tileset": "tile_medieval", "autotile": 1.0 }, "1024_1248": { "coord": [ 3.0, 2.0 ], "autotile_index": 0.0, "tileset": "tile_medieval", "autotile": 1.0 }, "352_1280": { "tileset": "tile_medieval", "coord": [ 6.0, 16.0 ] }, "384_960": { "coord": [ 2.0, 1.0 ], "autotile_index": 0.0, "tileset": "tile_medieval", "autotile": 1.0 }, "704_1280": { "tileset": "tile_medieval", "coord": [ 8.0, 1.0 ] }, "224_768": { "tileset": "tile_medieval", "coord": [ 1.0, 2.0 ] }, "416_1248": { "tileset": "tile_medieval", "coord": [ 8.0, 15.0 ] }, "704_896": { "coord": [ 3.0, 2.0 ], "autotile_index": 0.0, "tileset": "tile_medieval", "autotile": 1.0 }, "640_1280": { "tileset": "tile_medieval", "coord": [ 8.0, 1.0 ] }, "672_1728": { "coord": [ 2.0, 3.0 ], "autotile_index": 0.0, "tileset": "tile_medieval", "autotile": 1.0 }, "576_480": { "tileset": "tile_medieval", "coord": [ 4.0, 4.0 ] }, "544_1280": { "tileset": "tile_medieval", "coord": [ 8.0, 1.0 ] }, "448_1312": { "tileset": "tile_medieval", "coord": [ 8.0, 1.0 ] }, "320_992": { "coord": [ 2.0, 3.0 ], "autotile_index": 0.0, "tileset": "tile_medieval", "autotile": 1.0 }, "928_1056": { "coord": [ 2.0, 1.0 ], "autotile_index": 0.0, "tileset": "tile_medieval", "autotile": 1.0 }, "320_320": { "coord": [ 2.0, 2.0 ], "autotile_index": 0.0, "tileset": "tile_medieval", "autotile": 1.0 }, "352_1664": { "coord": [ 2.0, 2.0 ], "autotile_index": 0.0, "tileset": "tile_medieval", "autotile": 1.0 }, "832_608": { "tileset": "tile_medieval", "coord": [ 3.0, 2.0 ] }, "768_1216": { "tileset": "tile_medieval", "coord": [ 2.0, 1.0 ] }, "640_1216": { "tileset": "tile_medieval", "coord": [ 2.0, 1.0 ] }, "192_1728": { "coord": [ 2.0, 3.0 ], "autotile_index": 0.0, "tileset": "tile_medieval", "autotile": 1.0 }, "640_768": { "coord": [ 2.0, 2.0 ], "autotile_index": 0.0, "tileset": "tile_medieval", "autotile": 1.0 }, "992_1728": { "coord": [ 3.0, 3.0 ], "autotile_index": 0.0, "tileset": "tile_medieval", "autotile": 1.0 }, "576_1312": { "tileset": "tile_medieval", "coord": [ 8.0, 1.0 ] }, "672_480": { "tileset": "tile_medieval", "coord": [ 5.0, 4.0 ] }, "128_1376": { "tileset": "tile_medieval", "coord": [ 1.0, 3.0 ] }, "448_288": { "coord": [ 2.0, 1.0 ], "autotile_index": 0.0, "tileset": "tile_medieval", "autotile": 1.0 }, "800_736": { "tileset": "tile_medieval", "coord": [ 1.0, 2.0 ] }, "544_608": { "tileset": "spr_medievaldeco", "coord": [ 19.0, 1.0 ] }, "352_1696": { "coord": [ 2.0, 2.0 ], "autotile_index": 0.0, "tileset": "tile_medieval", "autotile": 1.0 }, "1024_1280": { "coord": [ 3.0, 2.0 ], "autotile_index": 0.0, "tileset": "tile_medieval", "autotile": 1.0 }, "864_1728": { "coord": [ 2.0, 3.0 ], "autotile_index": 0.0, "tileset": "tile_medieval", "autotile": 1.0 }, "736_1056": { "coord": [ 2.0, 1.0 ], "autotile_index": 0.0, "tileset": "tile_medieval", "autotile": 1.0 }, "352_352": { "coord": [ 2.0, 3.0 ], "autotile_index": 0.0, "tileset": "tile_medieval", "autotile": 1.0 }, "416_704": { "tileset": "tile_medieval", "coord": [ 2.0, 1.0 ] }, "512_736": { "tileset": "tile_medieval", "coord": [ 2.0, 2.0 ] }, "832_704": { "tileset": "tile_medieval", "coord": [ 3.0, 2.0 ] }, "864_1248": { "coord": [ 2.0, 2.0 ], "autotile_index": 0.0, "tileset": "tile_medieval", "autotile": 1.0 }, "576_288": { "coord": [ 2.0, 1.0 ], "autotile_index": 0.0, "tileset": "tile_medieval", "autotile": 1.0 }, "832_640": { "tileset": "tile_medieval", "coord": [ 3.0, 2.0 ] }, "544_672": { "tileset": "spr_medievaldeco", "coord": [ 19.0, 3.0 ] }, "0_1632": { "coord": [ 2.0, 1.0 ], "autotile_index": 0.0, "tileset": "tile_medieval", "autotile": 1.0 }, "96_1632": { "coord": [ 2.0, 1.0 ], "autotile_index": 0.0, "tileset": "tile_medieval", "autotile": 1.0 }, "544_1632": { "coord": [ 2.0, 1.0 ], "autotile_index": 0.0, "tileset": "tile_medieval", "autotile": 1.0 }, "480_352": { "coord": [ 2.0, 3.0 ], "autotile_index": 0.0, "tileset": "tile_medieval", "autotile": 1.0 }, "672_1280": { "tileset": "tile_medieval", "coord": [ 8.0, 1.0 ] }, "288_768": { "tileset": "tile_medieval", "coord": [ 2.0, 2.0 ] }, "256_480": { "tileset": "tile_medieval", "coord": [ 5.0, 4.0 ] }, "384_736": { "tileset": "tile_medieval", "coord": [ 2.0, 2.0 ] }, "320_768": { "tileset": "tile_medieval", "coord": [ 2.0, 2.0 ] }, "704_1632": { "coord": [ 2.0, 1.0 ], "autotile_index": 0.0, "tileset": "tile_medieval", "autotile": 1.0 }, "960_1632": { "coord": [ 2.0, 1.0 ], "autotile_index": 0.0, "tileset": "tile_medieval", "autotile": 1.0 }, "864_1312": { "tileset": "tile_medieval", "coord": [ 8.0, 1.0 ] }, "416_1696": { "coord": [ 2.0, 2.0 ], "autotile_index": 0.0, "tileset": "tile_medieval", "autotile": 1.0 }, "736_1376": { "tileset": "tile_medieval", "coord": [ 2.0, 3.0 ] }, "448_1728": { "coord": [ 2.0, 3.0 ], "autotile_index": 0.0, "tileset": "tile_medieval", "autotile": 1.0 }, "448_1632": { "coord": [ 2.0, 1.0 ], "autotile_index": 0.0, "tileset": "tile_medieval", "autotile": 1.0 }, "608_320": { "coord": [ 2.0, 2.0 ], "autotile_index": 0.0, "tileset": "tile_medieval", "autotile": 1.0 }, "640_1632": { "coord": [ 2.0, 1.0 ], "autotile_index": 0.0, "tileset": "tile_medieval", "autotile": 1.0 }, "832_1728": { "coord": [ 2.0, 3.0 ], "autotile_index": 0.0, "tileset": "tile_medieval", "autotile": 1.0 }, "416_1344": { "tileset": "tile_medieval", "coord": [ 8.0, 1.0 ] }, "544_640": { "tileset": "spr_medievaldeco", "coord": [ 19.0, 1.0 ] }, "960_1248": { "coord": [ 2.0, 2.0 ], "autotile_index": 0.0, "tileset": "tile_medieval", "autotile": 1.0 }, "800_704": { "tileset": "tile_medieval", "coord": [ 1.0, 2.0 ] }, "448_960": { "coord": [ 2.0, 1.0 ], "autotile_index": 0.0, "tileset": "tile_medieval", "autotile": 1.0 }, "992_1696": { "coord": [ 3.0, 2.0 ], "autotile_index": 0.0, "tileset": "tile_medieval", "autotile": 1.0 }, "160_1728": { "coord": [ 2.0, 3.0 ], "autotile_index": 0.0, "tileset": "tile_medieval", "autotile": 1.0 }, "800_1664": { "coord": [ 2.0, 2.0 ], "autotile_index": 0.0, "tileset": "tile_medieval", "autotile": 1.0 }, "544_768": { "tileset": "tile_medieval", "coord": [ 2.0, 2.0 ] }, "864_1280": { "tileset": "tile_medieval", "coord": [ 8.0, 1.0 ] }, "480_800": { "tileset": "tile_medieval", "coord": [ 2.0, 3.0 ] }, "352_704": { "tileset": "tile_medieval", "coord": [ 2.0, 1.0 ] }, "608_1280": { "tileset": "tile_medieval", "coord": [ 8.0, 1.0 ] }, "320_1632": { "coord": [ 2.0, 1.0 ], "autotile_index": 0.0, "tileset": "tile_medieval", "autotile": 1.0 }, "640_352": { "coord": [ 2.0, 3.0 ], "autotile_index": 0.0, "tileset": "tile_medieval", "autotile": 1.0 }, "832_1312": { "tileset": "tile_medieval", "coord": [ 8.0, 1.0 ] }, "224_992": { "coord": [ 2.0, 3.0 ], "autotile_index": 0.0, "tileset": "tile_medieval", "autotile": 1.0 }, "288_1344": { "tileset": "tile_medieval", "coord": [ 7.0, 17.0 ] }, "192_1696": { "coord": [ 2.0, 2.0 ], "autotile_index": 0.0, "tileset": "tile_medieval", "autotile": 1.0 }, "960_1088": { "coord": [ 3.0, 3.0 ], "autotile_index": 0.0, "tileset": "tile_medieval", "autotile": 1.0 }, "448_800": { "tileset": "tile_medieval", "coord": [ 2.0, 3.0 ] }, "704_1312": { "tileset": "tile_medieval", "coord": [ 8.0, 1.0 ] }, "512_1696": { "coord": [ 2.0, 2.0 ], "autotile_index": 0.0, "tileset": "tile_medieval", "autotile": 1.0 }, "576_800": { "tileset": "tile_medieval", "coord": [ 2.0, 3.0 ] }, "800_800": { "tileset": "tile_medieval", "coord": [ 1.0, 2.0 ] }, "800_1216": { "coord": [ 2.0, 1.0 ], "autotile_index": 0.0, "tileset": "tile_medieval", "autotile": 1.0 }, "704_864": { "coord": [ 3.0, 2.0 ], "autotile_index": 0.0, "tileset": "tile_medieval", "autotile": 1.0 }, "224_736": { "tileset": "tile_medieval", "coord": [ 1.0, 2.0 ] }, "416_1376": { "tileset": "tile_medieval", "coord": [ 2.0, 3.0 ] }, "448_1664": { "coord": [ 2.0, 2.0 ], "autotile_index": 0.0, "tileset": "tile_medieval", "autotile": 1.0 }, "320_1344": { "tileset": "tile_medieval", "coord": [ 8.0, 17.0 ] }, "576_1216": { "tileset": "tile_medieval", "coord": [ 2.0, 1.0 ] }, "704_480": { "tileset": "tile_medieval", "coord": [ 5.0, 4.0 ] }, "832_1344": { "coord": [ 2.0, 2.0 ], "autotile_index": 0.0, "tileset": "tile_medieval", "autotile": 1.0 }, "736_1280": { "tileset": "tile_medieval", "coord": [ 8.0, 1.0 ] }, "288_800": { "tileset": "tile_medieval", "coord": [ 2.0, 3.0 ] }, "832_768": { "tileset": "tile_medieval", "coord": [ 3.0, 2.0 ] }, "896_1344": { "coord": [ 2.0, 2.0 ], "autotile_index": 0.0, "tileset": "tile_medieval", "autotile": 1.0 }, "224_320": { "coord": [ 1.0, 2.0 ], "autotile_index": 0.0, "tileset": "tile_medieval", "autotile": 1.0 }, "-32_1664": { "coord": [ 1.0, 2.0 ], "autotile_index": 0.0, "tileset": "tile_medieval", "autotile": 1.0 }, "416_1312": { "tileset": "tile_medieval", "coord": [ 8.0, 17.0 ] }, "832_864": { "tileset": "tile_medieval", "coord": [ 3.0, 3.0 ] }, "224_1376": { "tileset": "tile_medieval", "coord": [ 2.0, 3.0 ] }, "384_1728": { "coord": [ 2.0, 3.0 ], "autotile_index": 0.0, "tileset": "tile_medieval", "autotile": 1.0 }, "896_1248": { "tileset": "tile_medieval", "coord": [ 2.0, 2.0 ] }, "768_1312": { "tileset": "tile_medieval", "coord": [ 8.0, 1.0 ] }, "448_992": { "coord": [ 2.0, 3.0 ], "autotile_index": 0.0, "tileset": "tile_medieval", "autotile": 1.0 }, "768_1248": { "tileset": "tile_medieval", "coord": [ 2.0, 2.0 ] }, "480_1344": { "tileset": "tile_medieval", "coord": [ 2.0, 2.0 ] }, "128_1696": { "coord": [ 2.0, 2.0 ], "autotile_index": 0.0, "tileset": "tile_medieval", "autotile": 1.0 }, "352_288": { "coord": [ 2.0, 1.0 ], "autotile_index": 0.0, "tileset": "tile_medieval", "autotile": 1.0 }, "576_1376": { "tileset": "tile_medieval", "coord": [ 2.0, 3.0 ] }, "672_864": { "coord": [ 1.0, 2.0 ], "autotile_index": 0.0, "tileset": "tile_medieval", "autotile": 1.0 }, "928_1664": { "coord": [ 2.0, 2.0 ], "autotile_index": 0.0, "tileset": "tile_medieval", "autotile": 1.0 }, "96_1696": { "coord": [ 2.0, 2.0 ], "autotile_index": 0.0, "tileset": "tile_medieval", "autotile": 1.0 } }, "6": { "512_480": { "tileset": "tile_medieval", "coord": [ 2.0, 9.0 ] }, "448_480": { "tileset": "tile_medieval", "coord": [ 2.0, 9.0 ] }, "544_480": { "tileset": "tile_medieval", "coord": [ 3.0, 9.0 ] }, "480_480": { "tileset": "tile_medieval", "coord": [ 2.0, 9.0 ] }, "416_480": { "tileset": "tile_medieval", "coord": [ 2.0, 9.0 ] }, "384_480": { "tileset": "tile_medieval", "coord": [ 1.0, 9.0 ] } } }, "backgrounds": { "5": { "x": 0.0, "scroll_x": 0.5, "tile_y": 1.0, "hspeed": 0.0, "scroll_y": 0.5, "panic_sprite": -1.0, "y": 0.0, "sprite": "castlebg", "tile_x": 1.0, "vspeed": 0.0, "image_speed": 15.0 } }, "properties": { "song": "castle", "roomX": 0.0, "levelWidth": 960.0, "roomY": 0.0, "levelHeight": 1724.0, "songTransitionTime": 100.0 } }